file_name,avg_softsweep_prob,avg_num_clones,degree,degree_variance,amplification,acc,connectivity,transitivity
d13_8,0.36202294384,8.81604,13.0,0.0,0.0,0.0,0.4739189942401679,0.0098461538461538
d48_6,0.37543496627999995,8.55414,48.0,0.0,0.0,0.0,0.72293233432049,0.0456170212765957
d82_2,0.37663955494,8.51627,82.0,0.0,0.0,0.0,0.7894154649719257,0.0801680216802168
d97_2,0.37807224274,8.51654,97.0,0.0,0.0,0.0,0.8106650425660129,0.0951069587628865
d19_5,0.36766864026,8.68289,19.0,0.0,0.0,0.0,0.5617515147269062,0.0174561403508771
d91_4,0.37636986961999996,8.53227,91.0,0.0,0.0,0.0,0.8044879037349024,0.0890271062271062
d84_4,0.3773588646,8.50669,84.0,0.0,0.0,0.0,0.7940939208940263,0.0821987951807228
d100_8,0.37737466759999994,8.50426,100.0,0.0,0.0,0.0,0.8148015470321579,0.098380606060606
d48_1,0.37536632490000005,8.55217,48.0,0.0,0.0,0.0,0.7249714156003259,0.046095744680851
d82_5,0.37711712858000007,8.53436,82.0,0.0,0.0,0.0,0.7900720386087137,0.0810361336946702
d97_5,0.37740829761999994,8.51178,97.0,0.0,0.0,0.0,0.8097618815717417,0.0951449742268041
d19_2,0.367979067,8.67191,19.0,0.0,0.0,0.0,0.5646724446152399,0.016859649122807
d15_9,0.36430410378,8.75905,15.0,0.0,0.0,0.0,0.5102252912256474,0.0121142857142857
d88_8,0.37681238846,8.52483,88.0,0.0,0.0,0.0,0.802062545465696,0.0859521943573667
d91_3,0.3768901746,8.51875,91.0,0.0,0.0,0.0,0.8035846663092211,0.0892153846153846
d84_3,0.3767761215,8.53896,84.0,0.0,0.0,0.0,0.7973521001965246,0.0823752151462994
d7_1,0.34658330433999995,9.0922,7.0,0.0,0.0,0.0,0.3043980777755591,0.0057142857142857
d62_8,0.37666709023999995,8.52085,62.0,0.0,0.0,0.0,0.7576376220568002,0.0600063458487572
d77_8,0.37616977476,8.52546,77.0,0.0,0.0,0.0,0.7849701292518177,0.0749231032125768
d39_6,0.3731575388600001,8.58929,39.0,0.0,0.0,0.0,0.6914739482726976,0.0370728744939271
d68_5,0.3768387113199999,8.52892,68.0,0.0,0.0,0.0,0.7699807003648047,0.0659302019315188
d7_6,0.34523136947999994,9.0863,7.0,0.0,0.0,0.0,0.3069936301511468,0.0041428571428571
d39_1,0.37429198726,8.5792,39.0,0.0,0.0,0.0,0.6947238347765303,0.0372064777327935
d68_2,0.37602924204000004,8.5363,68.0,0.0,0.0,0.0,0.7691290028711173,0.0659683933274802
d71_9,0.37666357212,8.51887,71.0,0.0,0.0,0.0,0.7728158599324616,0.0690398390342052
d64_9,0.3763039306,8.53715,64.0,0.0,0.0,0.0,0.7643889480597161,0.0621964285714285
d75_2,0.37667881513999996,8.52421,75.0,0.0,0.0,0.0,0.7829184570640653,0.0731459459459459
d60_2,0.37690315141999997,8.53699,60.0,0.0,0.0,0.0,0.7521884691069284,0.0581949152542372
d79_9,0.37719678197999995,8.52374,79.0,0.0,0.0,0.0,0.7861034519616178,0.0776991236611489
d22_7,0.37061265707999996,8.65813,22.0,0.0,0.0,0.0,0.5902830170243796,0.0204545454545454
d37_7,0.3733703858,8.58668,37.0,0.0,0.0,0.0,0.6846254955021889,0.0354504504504504
d66_4,0.37681350682,8.5339,66.0,0.0,0.0,0.0,0.7655490381845438,0.06406993006993
d73_4,0.3767917473,8.5179,73.0,0.0,0.0,0.0,0.7785537924303872,0.0708378995433789
d31_1,0.37210137538000004,8.60579,31.0,0.0,0.0,0.0,0.6558780768426102,0.0282
d24_1,0.37032932648,8.64313,24.0,0.0,0.0,0.0,0.6088824810958978,0.0228586956521739
d22_0,0.36921966118000005,8.65893,22.0,0.0,0.0,0.0,0.5940346716180415,0.0195714285714285
d37_0,0.37360072476,8.57595,37.0,0.0,0.0,0.0,0.6814365333874877,0.0356801801801801
d75_5,0.3769082489800001,8.51361,75.0,0.0,0.0,0.0,0.78112153090012,0.0731372972972973
d60_5,0.3769452261000001,8.51888,60.0,0.0,0.0,0.0,0.7537248423369723,0.0579457627118644
d31_6,0.37268855328000006,8.59981,31.0,0.0,0.0,0.0,0.6560341700101285,0.0296258064516129
d24_6,0.37055405958,8.63626,24.0,0.0,0.0,0.0,0.6088959911311752,0.0214021739130434
d66_3,0.3765667097,8.52607,66.0,0.0,0.0,0.0,0.7644803136920459,0.0641902097902097
d73_3,0.37594685580000003,8.53448,73.0,0.0,0.0,0.0,0.7774050356644517,0.0710639269406392
d11_2,0.35969562396,8.85238,11.0,0.0,0.0,0.0,0.4325565077742248,0.0094363636363636
d46_7,0.37443770669999993,8.56144,46.0,0.0,0.0,0.0,0.7188559515740056,0.0440927536231884
d53_7,0.37586466133999996,8.5361,53.0,0.0,0.0,0.0,0.7411676979263307,0.0508432510885341
d95_8,0.37702156976,8.51609,95.0,0.0,0.0,0.0,0.8052512415725726,0.0933090705487122
d80_8,0.37679261234000005,8.52909,80.0,0.0,0.0,0.0,0.7881278296875471,0.0783778481012658
d17_4,0.3669550439,8.70797,17.0,0.0,0.0,0.0,0.536791409164107,0.0150661764705882
d55_1,0.37544577665999995,8.54264,55.0,0.0,0.0,0.0,0.7428303874541916,0.0528141414141414
d40_1,0.3733391515,8.5745,40.0,0.0,0.0,0.0,0.6993706919311213,0.0379846153846153
d46_0,0.37493948122000004,8.56823,46.0,0.0,0.0,0.0,0.718407049517993,0.0442608695652173
d53_0,0.3758443846600001,8.54733,53.0,0.0,0.0,0.0,0.7374095197155135,0.0509172714078374
d11_5,0.35823111156,8.83835,11.0,0.0,0.0,0.0,0.4355821056901047,0.0092181818181818
d55_6,0.37618713159999995,8.53543,55.0,0.0,0.0,0.0,0.7403082487912438,0.053010101010101
d40_6,0.37473023971999997,8.56934,40.0,0.0,0.0,0.0,0.6979126884720321,0.03835
d17_3,0.36534927923999994,8.70876,17.0,0.0,0.0,0.0,0.5387471903737558,0.0149779411764705
d86_9,0.37668701316,8.51595,86.0,0.0,0.0,0.0,0.7964053936309313,0.0844473324213406
d93_9,0.37640134524,8.53153,93.0,0.0,0.0,0.0,0.8042062962901014,0.0910918653576437
d83_3,0.37717469578,8.51307,83.0,0.0,0.0,0.0,0.7924572099813151,0.0809735527475756
d96_3,0.37835062698,8.49655,96.0,0.0,0.0,0.0,0.8103847180830318,0.0943361842105263
d12_9,0.36041170866,8.83631,12.0,0.0,0.0,0.0,0.4563828762151173,0.0105454545454545
d49_7,0.37514147048,8.56495,49.0,0.0,0.0,0.0,0.7275417572514997,0.0476989795918367
d90_5,0.37726146099999996,8.52023,90.0,0.0,0.0,0.0,0.8026636986140447,0.0882711610486891
d85_5,0.3772013091,8.50804,85.0,0.0,0.0,0.0,0.7962838162785407,0.0828613445378151
d18_4,0.36723535515999994,8.69409,18.0,0.0,0.0,0.0,0.5483384525239521,0.0168627450980392
d83_4,0.37699806762,8.51774,83.0,0.0,0.0,0.0,0.7938689307647946,0.0810599471054951
d96_4,0.37756856020000007,8.50516,96.0,0.0,0.0,0.0,0.81119589641649,0.0939835526315789
d49_0,0.37498640534,8.56745,49.0,0.0,0.0,0.0,0.7281280258340331,0.0473698979591836
d89_9,0.37739569358,8.52044,89.0,0.0,0.0,0.0,0.8021567547410843,0.0874588866189989
d90_2,0.3774583915800001,8.52495,90.0,0.0,0.0,0.0,0.8024057769303717,0.0886299625468164
d85_2,0.37770144863999994,8.52527,85.0,0.0,0.0,0.0,0.7950390120926577,0.0835605042016806
d18_3,0.36710099870000007,8.69591,18.0,0.0,0.0,0.0,0.5510779027184499,0.0161960784313725
d14_8,0.36285243424,8.77355,14.0,0.0,0.0,0.0,0.491873978606109,0.013087912087912
d63_9,0.37591721526,8.53733,63.0,0.0,0.0,0.0,0.7611552317150103,0.0614715821812596
d76_9,0.37667480786,8.51238,76.0,0.0,0.0,0.0,0.7830291704427058,0.0741157894736842
d38_7,0.3729859590599999,8.585,38.0,0.0,0.0,0.0,0.6869887179580313,0.0361877667140825
d6_0,0.34057317862,9.17515,6.0,0.0,0.0,0.0,0.2632863327504505,0.0046
d69_4,0.37656503778,8.54233,69.0,0.0,0.0,0.0,0.7699136395409699,0.067193094629156
d38_0,0.37383477097999995,8.57695,38.0,0.0,0.0,0.0,0.6854156382170569,0.0365334281650071
d6_7,0.3399374295,9.28009,6.0,0.0,0.0,0.0,0.2550645844249192,0.0048
d69_3,0.37618411966,8.535,69.0,0.0,0.0,0.0,0.7726623290597305,0.067042199488491
d70_8,0.37642427394,8.52907,70.0,0.0,0.0,0.0,0.7737976366379457,0.0684583850931677
d65_8,0.37643190426,8.53535,65.0,0.0,0.0,0.0,0.761969375675788,0.0631096153846153
d74_3,0.37697216268000006,8.52644,74.0,0.0,0.0,0.0,0.7802457839359718,0.0723865235098111
d61_3,0.37595654968,8.52876,61.0,0.0,0.0,0.0,0.7547939782552046,0.0592672131147541
d78_8,0.3763118439200001,8.52812,78.0,0.0,0.0,0.0,0.7853062798289543,0.0762507492507492
d23_6,0.36970517587999996,8.64414,23.0,0.0,0.0,0.0,0.6027739325624023,0.0212490118577075
d36_6,0.3734197578399999,8.58826,36.0,0.0,0.0,0.0,0.6830246137195662,0.0341666666666666
d8_1,0.35094739804,8.988,8.0,0.0,0.0,0.0,0.3466526421123914,0.0069642857142857
d67_5,0.37643164688,8.53383,67.0,0.0,0.0,0.0,0.7682473445622288,0.0659579375848032
d72_5,0.3771088803000001,8.50982,72.0,0.0,0.0,0.0,0.7793429593468977,0.0701584507042253
d30_0,0.37152196664000003,8.60535,30.0,0.0,0.0,0.0,0.6497844740110409,0.0274965517241379
d25_0,0.37062901299999995,8.63133,25.0,0.0,0.0,0.0,0.614559390838703,0.02352
d23_1,0.36955827943999997,8.63864,23.0,0.0,0.0,0.0,0.5950827104115876,0.0210237154150197
d36_1,0.37367008974,8.59226,36.0,0.0,0.0,0.0,0.6821203886639036,0.0341333333333333
d74_4,0.37613068003999994,8.51833,74.0,0.0,0.0,0.0,0.7807491888231766,0.0719278045168456
d61_4,0.37598142743999996,8.54111,61.0,0.0,0.0,0.0,0.7548924187840748,0.0589672131147541
d8_6,0.3509544695,8.99048,8.0,0.0,0.0,0.0,0.3436324511712221,0.0058928571428571
d30_7,0.37243683332,8.60576,30.0,0.0,0.0,0.0,0.649561761396613,0.0276965517241379
d25_7,0.37048344423999996,8.62561,25.0,0.0,0.0,0.0,0.6176239863588899,0.02292
d67_2,0.37639517567999997,8.53045,67.0,0.0,0.0,0.0,0.7662026618994333,0.064797829036635
d72_2,0.37643904195999994,8.52907,72.0,0.0,0.0,0.0,0.7764726164380236,0.070300469483568
d94_9,0.37650089894,8.51487,94.0,0.0,0.0,0.0,0.8061855721361567,0.0925017158544955
d81_9,0.37682165333999995,8.51511,81.0,0.0,0.0,0.0,0.7912083936053936,0.0790953703703703
d10_3,0.35587738428,8.91275,10.0,0.0,0.0,0.0,0.405464674017073,0.0082666666666666
d47_6,0.3759526202200001,8.5485,47.0,0.0,0.0,0.0,0.7179028127579511,0.045477335800185
d52_6,0.3754256484,8.54573,52.0,0.0,0.0,0.0,0.73539868791704,0.0501199095022624
d16_5,0.36537081916,8.72157,16.0,0.0,0.0,0.0,0.525166882487656,0.01475
d54_0,0.37615291819999996,8.53454,54.0,0.0,0.0,0.0,0.7400683986990946,0.0518050314465408
d41_0,0.37364872935999993,8.57628,41.0,0.0,0.0,0.0,0.6987164767346028,0.0389195121951219
d47_1,0.374928914,8.5502,47.0,0.0,0.0,0.0,0.7222622313616675,0.0453718778908418
d52_1,0.37528232019999996,8.5607,52.0,0.0,0.0,0.0,0.7354086513068118,0.0503438914027149
d10_4,0.35574519163999996,8.89966,10.0,0.0,0.0,0.0,0.4078041213828945,0.0080666666666666
d87_8,0.37652398102,8.51059,87.0,0.0,0.0,0.0,0.7973244451448213,0.0855028067361668
d92_8,0.3767961359000001,8.5219,92.0,0.0,0.0,0.0,0.8061030304207949,0.0903612040133779
d54_7,0.37524508566000003,8.54956,54.0,0.0,0.0,0.0,0.7403017496779071,0.0521907756813417
d41_7,0.37373992078,8.57622,41.0,0.0,0.0,0.0,0.7018337444529431,0.0389158536585365
d16_2,0.36468403016000006,8.74277,16.0,0.0,0.0,0.0,0.5228642276502278,0.0144
d73_2,0.37598897142000004,8.53821,73.0,0.0,0.0,0.0,0.778007225073881,0.0712910958904109
d66_2,0.37620227408000007,8.54128,66.0,0.0,0.0,0.0,0.7672398128011132,0.0641580419580419
d24_7,0.37005986187999995,8.65177,24.0,0.0,0.0,0.0,0.6097218334529103,0.0230869565217391
d31_7,0.37256606422,8.59075,31.0,0.0,0.0,0.0,0.6543097616087763,0.0293870967741935
d60_4,0.37596206624,8.53399,60.0,0.0,0.0,0.0,0.7525810298068077,0.0583542372881355
d75_4,0.37723062301999993,8.51382,75.0,0.0,0.0,0.0,0.7815476153698564,0.0728854054054054
d37_1,0.37357919972000003,8.57397,37.0,0.0,0.0,0.0,0.6863778492544212,0.0349324324324324
d22_1,0.37034480993999996,8.64749,22.0,0.0,0.0,0.0,0.5915416324912247,0.0202077922077922
d24_0,0.37026310606000007,8.62658,24.0,0.0,0.0,0.0,0.6032334812581605,0.022
d31_0,0.37156114419999997,8.62107,31.0,0.0,0.0,0.0,0.6537089429108927,0.0288387096774193
d73_5,0.37648877768,8.53319,73.0,0.0,0.0,0.0,0.7773727387926253,0.0713253424657534
d66_5,0.3759884358000001,8.52852,66.0,0.0,0.0,0.0,0.7687338991546839,0.0640979020979021
d37_6,0.37321205974000005,8.57885,37.0,0.0,0.0,0.0,0.6862427981950525,0.035036036036036
d22_6,0.36978677434000007,8.66536,22.0,0.0,0.0,0.0,0.5884709378186942,0.0196103896103896
d79_8,0.3768507762799999,8.53301,79.0,0.0,0.0,0.0,0.7868000134043313,0.0774479065238558
d60_3,0.3754404998599999,8.54755,60.0,0.0,0.0,0.0,0.7537287087148878,0.0582694915254237
d75_3,0.37644945698,8.52195,75.0,0.0,0.0,0.0,0.7826515181512256,0.0729643243243243
d93_8,0.37693614708,8.52365,93.0,0.0,0.0,0.0,0.8054692954176433,0.0909964936886395
d86_8,0.37661646252,8.5245,86.0,0.0,0.0,0.0,0.793911368236911,0.0838867305061559
d17_2,0.36579070133999997,8.70763,17.0,0.0,0.0,0.0,0.5353549779685728,0.0151323529411764
d40_7,0.37400962359999995,8.58606,40.0,0.0,0.0,0.0,0.6979737636041862,0.0382076923076923
d55_7,0.37517736904000004,8.56357,55.0,0.0,0.0,0.0,0.743978786979204,0.0531313131313131
d11_4,0.35921157364,8.83261,11.0,0.0,0.0,0.0,0.4310579742371613,0.0085636363636363
d53_1,0.37497151725999994,8.55022,53.0,0.0,0.0,0.0,0.7390165339853983,0.0508084179970972
d46_1,0.3747011689,8.56875,46.0,0.0,0.0,0.0,0.718758206978659,0.0437333333333333
d40_0,0.37426948651999997,8.57132,40.0,0.0,0.0,0.0,0.6970288739142535,0.0382192307692307
d55_0,0.37519992692,8.5501,55.0,0.0,0.0,0.0,0.7418715856165861,0.052810101010101
d17_5,0.36594845236,8.70335,17.0,0.0,0.0,0.0,0.5339654604545376,0.0145588235294117
d80_9,0.37657904194,8.53039,80.0,0.0,0.0,0.0,0.7895712147138738,0.0783816455696202
d95_9,0.37776117802000003,8.49945,95.0,0.0,0.0,0.0,0.8068489844730922,0.0932129899216125
d53_6,0.37528804105999997,8.5396,53.0,0.0,0.0,0.0,0.738388001971872,0.051333091436865
d46_6,0.37488826533999997,8.55112,46.0,0.0,0.0,0.0,0.7184816817785326,0.0439420289855072
d11_3,0.3585872368399999,8.84031,11.0,0.0,0.0,0.0,0.4327417184872465,0.0092727272727272
d84_2,0.37803217833999997,8.51479,84.0,0.0,0.0,0.0,0.7953542191385826,0.0817831325301204
d91_2,0.3768734671199999,8.52216,91.0,0.0,0.0,0.0,0.80342765360721,0.0893406593406593
d88_9,0.37728737536,8.52044,88.0,0.0,0.0,0.0,0.800526956894751,0.0860086206896551
d15_8,0.36361191549999994,8.72858,15.0,0.0,0.0,0.0,0.508517582313006,0.0122285714285714
d19_3,0.36757659251999997,8.70071,19.0,0.0,0.0,0.0,0.5592776303212071,0.0174912280701754
d100_9,0.37701355779999995,8.51797,100.0,0.0,0.0,0.0,0.81391613916878,0.0983387878787878
d97_4,0.37784840918,8.50327,97.0,0.0,0.0,0.0,0.8105528540896638,0.0953028350515464
d82_4,0.37665348016000005,8.51611,82.0,0.0,0.0,0.0,0.7934241675783118,0.0804254742547425
d48_0,0.37555595282000004,8.56038,48.0,0.0,0.0,0.0,0.7243520669676937,0.0458484042553191
d84_5,0.37752235662,8.51454,84.0,0.0,0.0,0.0,0.7922411731098883,0.0822685025817556
d91_5,0.37682989989999993,8.52491,91.0,0.0,0.0,0.0,0.802229307484923,0.0892520146520146
d19_4,0.36657969908000004,8.69312,19.0,0.0,0.0,0.0,0.564326906898752,0.0164035087719298
d97_3,0.37715696352,8.51228,97.0,0.0,0.0,0.0,0.8113409801679236,0.0953195876288659
d82_3,0.37743349232,8.52312,82.0,0.0,0.0,0.0,0.7925414465486403,0.080323396567299
d48_7,0.37565636715999995,8.56087,48.0,0.0,0.0,0.0,0.7249746174101727,0.0458058510638297
d13_9,0.3619823650599999,8.76948,13.0,0.0,0.0,0.0,0.472608682367982,0.0113846153846153
d64_8,0.37696810274,8.53093,64.0,0.0,0.0,0.0,0.7633654947981915,0.0621830357142857
d71_8,0.37689484848,8.5238,71.0,0.0,0.0,0.0,0.7729755033373492,0.0692474849094567
d68_3,0.37630924628000006,8.5285,68.0,0.0,0.0,0.0,0.7695541184028314,0.066122475856014
d39_0,0.3740772503800001,8.56738,39.0,0.0,0.0,0.0,0.6921488164366839,0.0375587044534413
d7_7,0.34538311292,9.0932,7.0,0.0,0.0,0.0,0.3104595061993282,0.0045714285714285
d68_4,0.37726070454,8.51282,68.0,0.0,0.0,0.0,0.7715664683497572,0.0660421422300263
d39_7,0.37365938838000007,8.56274,39.0,0.0,0.0,0.0,0.6906714457387356,0.0370607287449392
d77_9,0.37707560952,8.51604,77.0,0.0,0.0,0.0,0.7838026417061047,0.0757423103212577
d62_9,0.37508637394,8.54391,62.0,0.0,0.0,0.0,0.7584928608103297,0.0604505552617662
d7_0,0.34623671084,9.07152,7.0,0.0,0.0,0.0,0.3048691740235742,0.0048571428571428
d72_3,0.37668509822,8.52553,72.0,0.0,0.0,0.0,0.7779842003929659,0.0700622065727699
d67_3,0.37648597112000004,8.53435,67.0,0.0,0.0,0.0,0.7697049775912076,0.0654233378561736
d25_6,0.37067897510000003,8.6226,25.0,0.0,0.0,0.0,0.6175837454177964,0.0223
d30_6,0.37208939177999995,8.60085,30.0,0.0,0.0,0.0,0.6496773946760395,0.027703448275862
d8_7,0.34967717557999994,9.01089,8.0,0.0,0.0,0.0,0.3418991336811793,0.0073928571428571
d61_5,0.3749356583200001,8.55065,61.0,0.0,0.0,0.0,0.7570063948977784,0.0586721311475409
d74_5,0.3769668689600001,8.5259,74.0,0.0,0.0,0.0,0.7816412668043767,0.071850055534987
d36_0,0.37312755098,8.58618,36.0,0.0,0.0,0.0,0.6808487588009596,0.0338
d23_0,0.36941464738,8.65069,23.0,0.0,0.0,0.0,0.6013057938505826,0.0212608695652173
d25_1,0.37017448282,8.63229,25.0,0.0,0.0,0.0,0.6180481915574786,0.0229
d30_1,0.37184041322,8.59396,30.0,0.0,0.0,0.0,0.6501377518686705,0.0285379310344827
d72_4,0.3766011102,8.52242,72.0,0.0,0.0,0.0,0.7787577828398441,0.0699213615023474
d67_4,0.37650708984,8.53092,67.0,0.0,0.0,0.0,0.7687964866474669,0.0650597014925373
d8_0,0.35132617621999995,8.97967,8.0,0.0,0.0,0.0,0.3409693361655432,0.0070714285714285
d36_7,0.3731211852,8.58967,36.0,0.0,0.0,0.0,0.6795652118761958,0.033595238095238
d23_7,0.3691791903999999,8.66016,23.0,0.0,0.0,0.0,0.6020512199226937,0.0214861660079051
d78_9,0.3764124366,8.53421,78.0,0.0,0.0,0.0,0.7865444584068281,0.0769670329670329
d61_2,0.37640299512000003,8.523,61.0,0.0,0.0,0.0,0.758274256663338,0.0595524590163934
d74_2,0.37655735255999995,8.53917,74.0,0.0,0.0,0.0,0.7813374308275065,0.0720011106997408
d16_3,0.36494577848,8.74284,16.0,0.0,0.0,0.0,0.5202659326048118,0.0156
d41_6,0.37444761833999995,8.57537,41.0,0.0,0.0,0.0,0.7006009549561207,0.0394829268292682
d54_6,0.37491624234000004,8.55611,54.0,0.0,0.0,0.0,0.7413794062191672,0.0526016771488469
d92_9,0.37707181658,8.525,92.0,0.0,0.0,0.0,0.8021367205745362,0.0902673196368848
d87_9,0.37767503148,8.52599,87.0,0.0,0.0,0.0,0.798804072337002,0.0850064153969526
d10_5,0.35582252886000004,8.89829,10.0,0.0,0.0,0.0,0.401195773742841,0.0078
d52_0,0.37516741354,8.54605,52.0,0.0,0.0,0.0,0.7329173541104894,0.0498597285067873
d47_0,0.37554142798,8.54186,47.0,0.0,0.0,0.0,0.7203144263860503,0.0450749306197964
d41_1,0.37429639666000003,8.56867,41.0,0.0,0.0,0.0,0.7016354296415314,0.0389926829268292
d54_1,0.37502731599999994,8.54226,54.0,0.0,0.0,0.0,0.7404028322193952,0.0525073375262054
d16_4,0.3657025835800001,8.71676,16.0,0.0,0.0,0.0,0.5246152334027497,0.014325
d52_7,0.3747425898400001,8.55636,52.0,0.0,0.0,0.0,0.7352449623358758,0.0501651583710407
d47_7,0.37542541172,8.54818,47.0,0.0,0.0,0.0,0.7254812117880675,0.0458297872340425
d10_2,0.35653915427999994,8.86823,10.0,0.0,0.0,0.0,0.4083617582188794,0.008
d81_8,0.37647494824,8.53044,81.0,0.0,0.0,0.0,0.7910058471288991,0.0792731481481481
d94_8,0.37829564157999995,8.50766,94.0,0.0,0.0,0.0,0.8067204627767856,0.09222306108442
d14_9,0.36303227036,8.76047,14.0,0.0,0.0,0.0,0.4902607776157766,0.0134175824175824
d18_2,0.3673281555200001,8.69549,18.0,0.0,0.0,0.0,0.5474368146089134,0.016
d85_3,0.37695919809999995,8.51875,85.0,0.0,0.0,0.0,0.7946001363912341,0.0833831932773109
d90_3,0.37748760224000005,8.52031,90.0,0.0,0.0,0.0,0.8010954003721991,0.0882794007490636
d89_8,0.37669512636,8.52057,89.0,0.0,0.0,0.0,0.8010468906407912,0.0871984167517875
d49_1,0.37434818983999996,8.56118,49.0,0.0,0.0,0.0,0.7277608271797275,0.0475892857142857
d96_5,0.3772692093,8.51084,96.0,0.0,0.0,0.0,0.8090924925029882,0.0941105263157894
d83_5,0.3770485970000001,8.51794,83.0,0.0,0.0,0.0,0.7914651569980403,0.0812045254187481
d18_5,0.3672684398600001,8.68061,18.0,0.0,0.0,0.0,0.5452273138205207,0.0165294117647058
d85_4,0.37674969135999997,8.52579,85.0,0.0,0.0,0.0,0.7965958560340163,0.0829613445378151
d90_4,0.37721930830000006,8.50577,90.0,0.0,0.0,0.0,0.8016565429754898,0.0881760299625468
d49_6,0.37449827727999996,8.57146,49.0,0.0,0.0,0.0,0.7262112337961816,0.0472091836734693
d12_8,0.36026522594000004,8.81589,12.0,0.0,0.0,0.0,0.4556664700522174,0.0107727272727272
d96_2,0.37736015664,8.50302,96.0,0.0,0.0,0.0,0.8088157418669479,0.0949723684210526
d83_2,0.37656624108,8.53049,83.0,0.0,0.0,0.0,0.7921665873225154,0.0812547751983543
d65_9,0.37584073424000003,8.53661,65.0,0.0,0.0,0.0,0.7652924312021743,0.0628629807692307
d70_9,0.37597940582000006,8.53116,70.0,0.0,0.0,0.0,0.7724326999440334,0.0685229813664596
d69_2,0.37671258982,8.51685,69.0,0.0,0.0,0.0,0.7730902299698966,0.0673414322250639
d6_6,0.339809298,9.20799,6.0,0.0,0.0,0.0,0.2654321923997586,0.0036
d38_1,0.37374306652,8.57596,38.0,0.0,0.0,0.0,0.6877885864449449,0.0361280227596017
d69_5,0.3761138125199999,8.53925,69.0,0.0,0.0,0.0,0.7708931021001655,0.0670140664961636
d6_1,0.34050218480000005,9.26409,6.0,0.0,0.0,0.0,0.2533191481408955,0.0038
d38_6,0.37399231794,8.58685,38.0,0.0,0.0,0.0,0.6913269089834574,0.0357908961593172
d76_8,0.37675632946,8.53476,76.0,0.0,0.0,0.0,0.7807229380270593,0.0745347368421052
d63_8,0.37611199178000004,8.5453,63.0,0.0,0.0,0.0,0.7605707501706866,0.0604915514592933
d83_8,0.37638287246,8.53259,83.0,0.0,0.0,0.0,0.7951004156380552,0.0810969732588892
d96_8,0.37661633582000004,8.5168,96.0,0.0,0.0,0.0,0.8085976124204765,0.0945125
d12_2,0.3605267796,8.84472,12.0,0.0,0.0,0.0,0.4543495334099096,0.0109090909090909
d50_7,0.3742825070999999,8.55183,50.0,0.0,0.0,0.0,0.7303521919102605,0.0481224489795918
d45_7,0.37395469480000004,8.55979,45.0,0.0,0.0,0.0,0.7161987965453518,0.043090909090909
d89_5,0.37749724686,8.50892,89.0,0.0,0.0,0.0,0.8007136524116064,0.0871164453524004
d14_4,0.36346651148,8.76611,14.0,0.0,0.0,0.0,0.4890236059357583,0.0121978021978021
d43_1,0.37393988312000004,8.57717,43.0,0.0,0.0,0.0,0.706374392966301,0.0408504983388704
d56_1,0.37526212569999995,8.53619,56.0,0.0,0.0,0.0,0.7480622191614805,0.0541636363636363
d50_0,0.3761007268199999,8.55593,50.0,0.0,0.0,0.0,0.7281220151427096,0.0483991836734693
d45_0,0.37500076902,8.55053,45.0,0.0,0.0,0.0,0.7172714770262736,0.0428454545454545
d12_5,0.3611625359400001,8.80541,12.0,0.0,0.0,0.0,0.4584114964195919,0.0099090909090909
d89_2,0.3780037954,8.51124,89.0,0.0,0.0,0.0,0.8011164566029547,0.0871723697650664
d90_9,0.37720600423999995,8.52227,90.0,0.0,0.0,0.0,0.8012427593608061,0.0883715355805243
d85_9,0.3773201199000001,8.51433,85.0,0.0,0.0,0.0,0.7936968302616124,0.0832521008403361
d18_8,0.36759298232,8.69844,18.0,0.0,0.0,0.0,0.549787974365772,0.0157254901960784
d43_6,0.37452479434,8.5878,43.0,0.0,0.0,0.0,0.7095530413851782,0.0411960132890365
d56_6,0.37576227111999994,8.54179,56.0,0.0,0.0,0.0,0.7479998979616181,0.0542357142857142
d14_3,0.36259447459999994,8.77355,14.0,0.0,0.0,0.0,0.4887505133833696,0.0117032967032967
d63_2,0.37575638386000004,8.54559,63.0,0.0,0.0,0.0,0.7601903555338241,0.0608924731182795
d76_2,0.37536157424,8.53644,76.0,0.0,0.0,0.0,0.7836001177249109,0.0745621052631578
d34_7,0.3731376807800001,8.59646,34.0,0.0,0.0,0.0,0.6714158998292792,0.0322299465240641
d21_7,0.36887152583999994,8.6725,21.0,0.0,0.0,0.0,0.582400749943119,0.0191571428571428
d70_4,0.3766672012599999,8.52924,70.0,0.0,0.0,0.0,0.7710900712494614,0.0682819875776397
d65_4,0.37599230034,8.53443,65.0,0.0,0.0,0.0,0.7652641500077559,0.0633908653846153
d27_1,0.3714233988800001,8.61979,27.0,0.0,0.0,0.0,0.6325734330655304,0.0251965811965811
d32_1,0.37233942218000005,8.61355,32.0,0.0,0.0,0.0,0.6606700553375412,0.0289778225806451
d34_0,0.37257334010000004,8.59933,34.0,0.0,0.0,0.0,0.6700967643031291,0.0320481283422459
d21_0,0.36866521618,8.67974,21.0,0.0,0.0,0.0,0.5834627557506474,0.0189428571428571
d63_5,0.37558618175999997,8.53161,63.0,0.0,0.0,0.0,0.7608287748575238,0.0612073732718894
d76_5,0.37645860676,8.52847,76.0,0.0,0.0,0.0,0.7831169217648716,0.0741757894736842
d69_8,0.37671304142,8.53139,69.0,0.0,0.0,0.0,0.7737687060460267,0.0672442455242966
d27_6,0.37108898548,8.62365,27.0,0.0,0.0,0.0,0.6301113076550118,0.0252393162393162
d32_6,0.37301312853999996,8.59189,32.0,0.0,0.0,0.0,0.6597865162099442,0.0297822580645161
d70_3,0.37704331695999993,8.54187,70.0,0.0,0.0,0.0,0.7739736589255275,0.0684062111801242
d65_3,0.3756392101,8.53249,65.0,0.0,0.0,0.0,0.7641005020398068,0.0635495192307692
d74_8,0.37699128366000006,8.52343,74.0,0.0,0.0,0.0,0.7782724399166953,0.0719877823028508
d61_8,0.37578543178,8.53139,61.0,0.0,0.0,0.0,0.755568460646133,0.0593163934426229
d78_3,0.37677331692,8.53294,78.0,0.0,0.0,0.0,0.7849745086282858,0.0764415584415584
d4_1,0.32069796460000005,9.72651,4.0,0.0,0.0,0.0,0.1328196426305247,0.0015
d29_0,0.3723227723400001,8.60323,29.0,0.0,0.0,0.0,0.6417615633700025,0.0278793103448275
d2_7,0.24027652170000002,11.89449,2.0,0.0,0.0,0.0,0.0,0.0
d78_4,0.3763115234,8.52392,78.0,0.0,0.0,0.0,0.7858682258498273,0.0763576423576423
d4_6,0.31918884514,9.67785,4.0,0.0,0.0,0.0,0.1324238622898198,0.0035
d67_9,0.37645661238000006,8.52418,67.0,0.0,0.0,0.0,0.7693620688147689,0.0656241519674355
d72_9,0.37632415854,8.52625,72.0,0.0,0.0,0.0,0.7786841030019593,0.0705082159624413
d29_7,0.3721549474600001,8.61039,29.0,0.0,0.0,0.0,0.6473880128602229,0.0274507389162561
d2_0,0.24128185478,11.70371,2.0,0.0,0.0,0.0,0.0,0.0
d94_2,0.37727571128000004,8.51857,94.0,0.0,0.0,0.0,0.807307915752524,0.0922752230610844
d81_2,0.37754176028,8.51911,81.0,0.0,0.0,0.0,0.790756314257204,0.0797009259259259
d10_8,0.35600149577999995,8.91855,10.0,0.0,0.0,0.0,0.4041740175062047,0.0083333333333333
d87_4,0.37666533166,8.51541,87.0,0.0,0.0,0.0,0.7990297896943145,0.0853376102646351
d92_4,0.37680300936,8.51349,92.0,0.0,0.0,0.0,0.8058274221070193,0.0899799331103679
d58_0,0.3758827778799999,8.54218,58.0,0.0,0.0,0.0,0.7488646518233997,0.0567477313974591
d94_5,0.3761901862999999,8.51516,94.0,0.0,0.0,0.0,0.8067191755881109,0.0920947151681537
d81_5,0.37704683012000006,8.51691,81.0,0.0,0.0,0.0,0.789068210445534,0.0794787037037037
d87_3,0.37736844925999996,8.51132,87.0,0.0,0.0,0.0,0.7984230832049112,0.0852630312750601
d92_3,0.3775737229000001,8.51405,92.0,0.0,0.0,0.0,0.8049671540513937,0.0903870043000477
d16_9,0.36562114088000003,8.72124,16.0,0.0,0.0,0.0,0.5261043648439452,0.01405
d58_7,0.37573414412000006,8.54637,58.0,0.0,0.0,0.0,0.7495153968548567,0.05602722323049
d13_3,0.36176162974000003,8.80843,13.0,0.0,0.0,0.0,0.472446821663664,0.012
d51_6,0.37593267118,8.53972,51.0,0.0,0.0,0.0,0.7337111071689267,0.0492564705882353
d44_6,0.374760431,8.57451,44.0,0.0,0.0,0.0,0.7052202651728608,0.0428784355179704
d82_9,0.37716311137999997,8.51543,82.0,0.0,0.0,0.0,0.7927903768450247,0.0805230352303523
d97_9,0.37736814844,8.51823,97.0,0.0,0.0,0.0,0.81146305835787,0.095193943298969
d100_4,0.37723818898,8.5103,100.0,0.0,0.0,0.0,0.8141670712631905,0.0983563636363636
d15_5,0.36510540427999993,8.77061,15.0,0.0,0.0,0.0,0.505920591473023,0.0136
d42_0,0.37380597842,8.56382,42.0,0.0,0.0,0.0,0.7048439330692997,0.0401254355400696
d57_0,0.3763861163000001,8.53826,57.0,0.0,0.0,0.0,0.7511084544321726,0.0548721804511278
d88_4,0.37704415488000004,8.51844,88.0,0.0,0.0,0.0,0.8024721420004483,0.0860971786833855
d51_1,0.37498555216,8.54986,51.0,0.0,0.0,0.0,0.7338018570035328,0.04924
d44_1,0.37476267073999997,8.56299,44.0,0.0,0.0,0.0,0.7107631209877078,0.0422283298097251
d13_4,0.36107396432,8.8323,13.0,0.0,0.0,0.0,0.4757143420886168,0.0113846153846153
d100_3,0.37839796089999994,8.50642,100.0,0.0,0.0,0.0,0.8142112160474715,0.0983169696969697
d19_9,0.36761644678,8.67593,19.0,0.0,0.0,0.0,0.557222655918589,0.0180877192982456
d42_7,0.37423543818,8.5614,42.0,0.0,0.0,0.0,0.7040627846465708,0.0399686411149825
d57_7,0.37580499255999994,8.54526,57.0,0.0,0.0,0.0,0.744630572573104,0.0559360902255639
d15_2,0.36467123806,8.72376,15.0,0.0,0.0,0.0,0.5118294780142237,0.0133142857142857
d88_3,0.37776067080000003,8.5256,88.0,0.0,0.0,0.0,0.8014339026503943,0.0863126959247648
d91_8,0.37699156716000004,8.51791,91.0,0.0,0.0,0.0,0.8050274991277101,0.0892175824175824
d84_8,0.37682297886,8.5313,84.0,0.0,0.0,0.0,0.7942474578054743,0.0818321858864027
d62_3,0.37618615376000003,8.54198,62.0,0.0,0.0,0.0,0.756517881106426,0.0603252247488101
d77_3,0.37672878992,8.52842,77.0,0.0,0.0,0.0,0.7851984481235459,0.0749015721120984
d35_6,0.37328146809999996,8.58671,35.0,0.0,0.0,0.0,0.6750485936469317,0.033781512605042
d20_6,0.36782914846,8.69134,20.0,0.0,0.0,0.0,0.5718016132141792,0.0177
d71_5,0.37672920961999995,8.52363,71.0,0.0,0.0,0.0,0.7760693533377696,0.0692668008048289
d64_5,0.3765515146200001,8.53284,64.0,0.0,0.0,0.0,0.7622228337839836,0.0622261904761904
d26_0,0.37098678073999997,8.62253,26.0,0.0,0.0,0.0,0.622201666670999,0.0241015384615384
d33_0,0.3727836225200001,8.60639,33.0,0.0,0.0,0.0,0.666589843355062,0.0308238636363636
d35_1,0.37365177794000004,8.58832,35.0,0.0,0.0,0.0,0.6798175110374665,0.0327327731092437
d20_1,0.36802563228,8.67549,20.0,0.0,0.0,0.0,0.5766154155173,0.0172421052631578
d62_4,0.37598248734,8.54077,62.0,0.0,0.0,0.0,0.7609481008183077,0.0604315177154944
d77_4,0.37694519151999994,8.52689,77.0,0.0,0.0,0.0,0.7846346102515876,0.0753660287081339
d68_9,0.3761229126599999,8.5313,68.0,0.0,0.0,0.0,0.769022419504948,0.0664174714661984
d26_7,0.37048763294,8.64238,26.0,0.0,0.0,0.0,0.6229590375131321,0.0246738461538461
d33_7,0.37312529950000006,8.5856,33.0,0.0,0.0,0.0,0.6665738970893218,0.0314261363636363
d71_2,0.3775825388599999,8.51865,71.0,0.0,0.0,0.0,0.7757721537094945,0.0696265593561368
d64_2,0.37598292938000005,8.53846,64.0,0.0,0.0,0.0,0.7641653957900678,0.0620967261904761
d5_0,0.3298609706399999,9.42865,5.0,0.0,0.0,0.0,0.2032740663546045,0.0054
d75_9,0.37664422300000006,8.51962,75.0,0.0,0.0,0.0,0.7824169735458116,0.0731621621621621
d60_9,0.37595881046,8.53971,60.0,0.0,0.0,0.0,0.7541541768651845,0.0580203389830508
d79_2,0.37693491139999996,8.51401,79.0,0.0,0.0,0.0,0.7886061425381551,0.0776864654333008
d3_6,0.29324428519999995,10.2367,3.0,0.0,0.0,0.0,0.060057374659012,0.002
d28_1,0.37155934178000005,8.62378,28.0,0.0,0.0,0.0,0.6380379362069829,0.0259444444444444
d5_7,0.33073367525999997,9.40953,5.0,0.0,0.0,0.0,0.2053899657777526,0.0024
d79_5,0.37641408748,8.51537,79.0,0.0,0.0,0.0,0.7875725936368261,0.0770029211295034
d3_1,0.29441239833999994,10.23259,3.0,0.0,0.0,0.0,0.0604827872407533,0.001
d66_8,0.3761376006,8.54842,66.0,0.0,0.0,0.0,0.7653593141076194,0.0643706293706293
d73_8,0.37715130284,8.52989,73.0,0.0,0.0,0.0,0.7752502871012312,0.0715239726027397
d28_6,0.37086587528000003,8.63097,28.0,0.0,0.0,0.0,0.6346857144868093,0.0263492063492063
d11_9,0.35874625704000007,8.8518,11.0,0.0,0.0,0.0,0.4290319619113688,0.0100363636363636
d95_3,0.37725568718,8.52129,95.0,0.0,0.0,0.0,0.8075429543550247,0.093432698768197
d80_3,0.37647355303999996,8.50891,80.0,0.0,0.0,0.0,0.7867515834269789,0.0788363924050633
d59_1,0.37580234943999996,8.52508,59.0,0.0,0.0,0.0,0.7521918031122481,0.0569210987726475
d86_5,0.37674385512,8.52406,86.0,0.0,0.0,0.0,0.7969391193224855,0.0846196990424076
d93_5,0.37787370421999994,8.51572,93.0,0.0,0.0,0.0,0.8054440484097735,0.0915063113604488
d95_4,0.37703353477999996,8.51368,95.0,0.0,0.0,0.0,0.808488799947281,0.0930893617021276
d80_4,0.37685494113999995,8.52626,80.0,0.0,0.0,0.0,0.7888034196664313,0.0781870253164557
d17_8,0.36665968048,8.7194,17.0,0.0,0.0,0.0,0.5362660960148534,0.0145588235294117
d59_6,0.3769248487,8.53502,59.0,0.0,0.0,0.0,0.7486388246321171,0.0568071303331385
d86_2,0.37720917836000006,8.52058,86.0,0.0,0.0,0.0,0.7957598068560133,0.0840393980848153
d93_2,0.37689224144,8.51192,93.0,0.0,0.0,0.0,0.8038818201363348,0.0911192145862552
d2_1,0.24059233364,11.82478,2.0,0.0,0.0,0.0,0.0,0.0
d29_6,0.37175790612,8.61189,29.0,0.0,0.0,0.0,0.6437128406736964,0.0270591133004926
d72_8,0.37671575422000003,8.52781,72.0,0.0,0.0,0.0,0.7739222066562232,0.0702969483568075
d67_8,0.37587353181999994,8.54414,67.0,0.0,0.0,0.0,0.7670386974382153,0.0652835820895522
d4_7,0.31742839510000004,9.6901,4.0,0.0,0.0,0.0,0.1409954869870912,0.0025
d78_5,0.37623104645999994,8.51949,78.0,0.0,0.0,0.0,0.7869373798386358,0.0759240759240759
d2_6,0.24012838384,11.79347,2.0,0.0,0.0,0.0,0.0,0.0
d29_1,0.37240431624,8.58959,29.0,0.0,0.0,0.0,0.6420988631916585,0.0274211822660098
d4_0,0.31748232276,9.67777,4.0,0.0,0.0,0.0,0.1361085952694464,0.001
d78_2,0.37625925485999995,8.53869,78.0,0.0,0.0,0.0,0.7863185984757575,0.0764035964035964
d61_9,0.37597981482,8.54314,61.0,0.0,0.0,0.0,0.7558766737271025,0.0596901639344262
d74_9,0.37597977220000006,8.5305,74.0,0.0,0.0,0.0,0.78011777177444,0.0713924472417623
d58_6,0.37644664526,8.52748,58.0,0.0,0.0,0.0,0.7481915054168646,0.0564900181488203
d16_8,0.36451924661999996,8.74818,16.0,0.0,0.0,0.0,0.5219493286371887,0.0142
d92_2,0.37675640485999995,8.51102,92.0,0.0,0.0,0.0,0.8040576796897588,0.0903332537028189
d87_2,0.37735912639999997,8.50062,87.0,0.0,0.0,0.0,0.797589345225733,0.0848901363271852
d81_4,0.37674594424,8.52365,81.0,0.0,0.0,0.0,0.7915432692587976,0.0793037037037037
d94_4,0.3772138066,8.51502,94.0,0.0,0.0,0.0,0.806562060292672,0.0923733699382292
d58_1,0.37553247734000006,8.54263,58.0,0.0,0.0,0.0,0.7511077955910759,0.0558602540834845
d92_5,0.37724526112000006,8.51005,92.0,0.0,0.0,0.0,0.8060333617013938,0.0898860487338748
d87_5,0.3785852967600001,8.50815,87.0,0.0,0.0,0.0,0.7994404723068017,0.0850336808340016
d10_9,0.35606650738000006,8.893,10.0,0.0,0.0,0.0,0.4033021127700443,0.0072666666666666
d81_3,0.3774943424,8.51909,81.0,0.0,0.0,0.0,0.7890411081542434,0.0792814814814814
d94_3,0.37753226289999997,8.50776,94.0,0.0,0.0,0.0,0.806584345224266,0.0922107069320521
d14_2,0.36255084806000004,8.76735,14.0,0.0,0.0,0.0,0.4907835930556874,0.0118351648351648
d56_7,0.37532744192,8.54462,56.0,0.0,0.0,0.0,0.7436572548369038,0.0538772727272727
d43_7,0.37512814278,8.55068,43.0,0.0,0.0,0.0,0.7056715316400102,0.0410697674418604
d18_9,0.36717059237999994,8.69945,18.0,0.0,0.0,0.0,0.5422995495443952,0.0165294117647058
d85_8,0.37721351358,8.51677,85.0,0.0,0.0,0.0,0.7985386950068181,0.0832428571428571
d90_8,0.37742306756000005,8.51739,90.0,0.0,0.0,0.0,0.803483920990853,0.0882307116104868
d89_3,0.37711530638,8.51371,89.0,0.0,0.0,0.0,0.8012020295478417,0.0868896833503575
d12_4,0.36062240324,8.82708,12.0,0.0,0.0,0.0,0.4523955191990919,0.0098181818181818
d45_1,0.3748269631600001,8.56321,45.0,0.0,0.0,0.0,0.7172992138832834,0.0431515151515151
d50_1,0.37527636450000007,8.55441,50.0,0.0,0.0,0.0,0.7276761562604207,0.0485167346938775
d56_0,0.37653934872000006,8.53419,56.0,0.0,0.0,0.0,0.7464071311000061,0.0541461038961038
d43_0,0.3744494252999999,8.57506,43.0,0.0,0.0,0.0,0.7062742569895856,0.0416810631229235
d14_5,0.36275744221999995,8.7722,14.0,0.0,0.0,0.0,0.4943789130594761,0.0114065934065934
d89_4,0.37722855683999995,8.51066,89.0,0.0,0.0,0.0,0.8037044361355542,0.0873723186925434
d45_6,0.37469968418000005,8.56342,45.0,0.0,0.0,0.0,0.7125861585717695,0.0432515151515151
d50_6,0.37501292370000006,8.55147,50.0,0.0,0.0,0.0,0.728625660961661,0.0476008163265306
d12_3,0.36037100955999996,8.83631,12.0,0.0,0.0,0.0,0.4557602191302793,0.0091818181818181
d96_9,0.37800287206,8.50118,96.0,0.0,0.0,0.0,0.8076556402604654,0.0942776315789473
d83_9,0.37671539736,8.52181,83.0,0.0,0.0,0.0,0.7930713172366943,0.0810899206582427
d65_2,0.3762945678,8.53677,65.0,0.0,0.0,0.0,0.764608559767263,0.0629192307692307
d70_2,0.37648351705999994,8.53505,70.0,0.0,0.0,0.0,0.7741320108471899,0.0678695652173913
d32_7,0.37177693296000003,8.6193,32.0,0.0,0.0,0.0,0.6581625915468408,0.030828629032258
d27_7,0.37127291368000004,8.62364,27.0,0.0,0.0,0.0,0.6303227496145161,0.0247777777777777
d69_9,0.3770928626,8.51558,69.0,0.0,0.0,0.0,0.7710530510902353,0.066968030690537
d76_4,0.37739083868,8.51095,76.0,0.0,0.0,0.0,0.7811058490323093,0.0742347368421052
d63_4,0.37595755182,8.54056,63.0,0.0,0.0,0.0,0.7586613781149293,0.0613594470046083
d21_1,0.36863781632,8.67366,21.0,0.0,0.0,0.0,0.584715075467448,0.0193857142857142
d34_1,0.37315888042,8.5759,34.0,0.0,0.0,0.0,0.6722777697070611,0.0321497326203208
d32_0,0.3711793494200001,8.61123,32.0,0.0,0.0,0.0,0.6565105008017261,0.0303266129032258
d27_0,0.3715190401,8.62019,27.0,0.0,0.0,0.0,0.6308219523761392,0.0251709401709401
d65_5,0.3762710899,8.52253,65.0,0.0,0.0,0.0,0.7647942658976655,0.0633014423076923
d70_5,0.37718944528,8.52354,70.0,0.0,0.0,0.0,0.7747318619295718,0.0680136645962733
d21_6,0.3689877035599999,8.67924,21.0,0.0,0.0,0.0,0.5810186418488827,0.0191428571428571
d34_6,0.3728651062,8.5849,34.0,0.0,0.0,0.0,0.6758540724598249,0.0315614973262032
d76_3,0.37674979100000006,8.52544,76.0,0.0,0.0,0.0,0.7823162513261159,0.0739042105263158
d63_3,0.37587420788,8.52982,63.0,0.0,0.0,0.0,0.7602608051897138,0.0612964669738863
d28_7,0.3709012891,8.62777,28.0,0.0,0.0,0.0,0.6363058982901033,0.0262142857142857
d73_9,0.37675028996,8.52208,73.0,0.0,0.0,0.0,0.7785474381678336,0.071208904109589
d66_9,0.37579681396,8.53637,66.0,0.0,0.0,0.0,0.765013633628762,0.0644027972027972
d3_0,0.29413154042,10.23199,3.0,0.0,0.0,0.0,0.0619444102275527,0.001
d79_4,0.37720857478,8.51178,79.0,0.0,0.0,0.0,0.7869331502986073,0.0772424537487828
d5_6,0.33099015639999996,9.40708,5.0,0.0,0.0,0.0,0.2038542603242615,0.0036
d28_0,0.37168594149999995,8.61375,28.0,0.0,0.0,0.0,0.6356653186225979,0.0263015873015873
d3_7,0.29300857736,10.3191,3.0,0.0,0.0,0.0,0.0585436412175183,0.0
d79_3,0.37748421732000004,8.51842,79.0,0.0,0.0,0.0,0.788304758917189,0.077172346640701
d60_8,0.376274784,8.52799,60.0,0.0,0.0,0.0,0.7557857257373738,0.0578728813559322
d75_8,0.37682687000000004,8.51412,75.0,0.0,0.0,0.0,0.7819969493386019,0.0730854054054054
d5_1,0.33083721284,9.41072,5.0,0.0,0.0,0.0,0.2047961042765625,0.0021
d93_3,0.37793580956,8.51153,93.0,0.0,0.0,0.0,0.8056600643382671,0.0913316970546984
d86_3,0.37685931557999996,8.52024,86.0,0.0,0.0,0.0,0.7956064074852346,0.084401367989056
d59_7,0.3761616824799999,8.53417,59.0,0.0,0.0,0.0,0.7515516047525562,0.0567720631209818
d17_9,0.36671308626,8.71629,17.0,0.0,0.0,0.0,0.5380042757510963,0.0153970588235294
d80_5,0.37633791666,8.5147,80.0,0.0,0.0,0.0,0.7896580266981899,0.0781708860759493
d95_5,0.37859739264000003,8.50509,95.0,0.0,0.0,0.0,0.8085817598469975,0.0934279955207166
d93_4,0.37668085326,8.51983,93.0,0.0,0.0,0.0,0.8057905851335097,0.0910196353436185
d86_4,0.37759301826,8.51117,86.0,0.0,0.0,0.0,0.7973439764116694,0.0844809849521203
d59_0,0.3759544139,8.55402,59.0,0.0,0.0,0.0,0.750890422405503,0.0572174167153711
d80_2,0.3770757805,8.51501,80.0,0.0,0.0,0.0,0.7890582968032483,0.078251582278481
d95_2,0.37802006162000007,8.49934,95.0,0.0,0.0,0.0,0.807851377378603,0.0934541993281075
d11_8,0.35792188771999994,8.8545,11.0,0.0,0.0,0.0,0.4290297732373663,0.0097636363636363
d84_9,0.37707641583999996,8.5227,84.0,0.0,0.0,0.0,0.7951000421069263,0.0825989672977624
d91_9,0.37811424454,8.51271,91.0,0.0,0.0,0.0,0.8036985232254821,0.0892739926739926
d88_2,0.37695648228000006,8.51808,88.0,0.0,0.0,0.0,0.8002304440872934,0.0861669278996865
d15_3,0.36472001758,8.74254,15.0,0.0,0.0,0.0,0.508691504784587,0.0127714285714285
d57_6,0.37562855268,8.53495,57.0,0.0,0.0,0.0,0.746331886954705,0.0553533834586466
d42_6,0.37449955376,8.56135,42.0,0.0,0.0,0.0,0.7058811357249447,0.0404111498257839
d19_8,0.36831114958,8.6931,19.0,0.0,0.0,0.0,0.5596223377622652,0.0169649122807017
d13_5,0.36339010378,8.78325,13.0,0.0,0.0,0.0,0.4726887031675927,0.0119230769230769
d44_0,0.37493877614,8.57132,44.0,0.0,0.0,0.0,0.7105460691541595,0.0421680761099365
d51_0,0.3752159742400001,8.55274,51.0,0.0,0.0,0.0,0.731790339848198,0.0491317647058823
d100_2,0.37733942559999994,8.513,100.0,0.0,0.0,0.0,0.8150644161150788,0.0984721212121212
d88_5,0.37665851770000003,8.51447,88.0,0.0,0.0,0.0,0.8022967428716151,0.0861794670846395
d57_1,0.3758703004999999,8.53647,57.0,0.0,0.0,0.0,0.7470700134190009,0.0550018796992481
d42_1,0.37391795424,8.56075,42.0,0.0,0.0,0.0,0.7002596551290777,0.0404146341463414
d15_4,0.3644050287600001,8.74255,15.0,0.0,0.0,0.0,0.5047038706094127,0.0127714285714285
d97_8,0.3770390909999999,8.5072,97.0,0.0,0.0,0.0,0.8107775171739189,0.0952100515463917
d82_8,0.3765102927799999,8.52004,82.0,0.0,0.0,0.0,0.7919682684035537,0.080356820234869
d44_7,0.37408451184,8.56769,44.0,0.0,0.0,0.0,0.7121164269861353,0.0422949260042283
d51_7,0.3753225110799999,8.55826,51.0,0.0,0.0,0.0,0.7300339574158765,0.049075294117647
d13_2,0.36180268843999996,8.7937,13.0,0.0,0.0,0.0,0.4751455204818253,0.0119230769230769
d100_5,0.3779046602200001,8.50922,100.0,0.0,0.0,0.0,0.8124586250167357,0.0985715151515151
d64_3,0.37452161141999996,8.54503,64.0,0.0,0.0,0.0,0.7633401836687281,0.062375
d71_3,0.37615427038,8.53759,71.0,0.0,0.0,0.0,0.7755830953520222,0.0695263581488933
d33_6,0.37243886976,8.60085,33.0,0.0,0.0,0.0,0.666270591062991,0.0315056818181818
d26_6,0.37130782582000005,8.62262,26.0,0.0,0.0,0.0,0.6217142956300697,0.0242953846153846
d68_8,0.376182306,8.54061,68.0,0.0,0.0,0.0,0.7700101529639178,0.0661000877963125
d77_5,0.3768808685399999,8.52573,77.0,0.0,0.0,0.0,0.7829149067788087,0.0753752563226247
d62_5,0.37576677836000005,8.537,62.0,0.0,0.0,0.0,0.7585809663565324,0.0603712321523003
d20_0,0.36815834967999994,8.659,20.0,0.0,0.0,0.0,0.571644674691983,0.0182526315789473
d35_0,0.3736425754,8.585,35.0,0.0,0.0,0.0,0.6814827809796865,0.0325764705882353
d33_1,0.37234549937999994,8.6034,33.0,0.0,0.0,0.0,0.6647866380398207,0.0313863636363636
d26_1,0.37146791672,8.61407,26.0,0.0,0.0,0.0,0.6226354345124916,0.023676923076923
d64_4,0.3760126245599999,8.52764,64.0,0.0,0.0,0.0,0.7609734403021264,0.0620997023809523
d71_4,0.37654743554000003,8.53049,71.0,0.0,0.0,0.0,0.7738231813911703,0.069456338028169
d20_7,0.3691533352000001,8.66357,20.0,0.0,0.0,0.0,0.5675709892233347,0.0177473684210526
d35_7,0.37351768643999994,8.58599,35.0,0.0,0.0,0.0,0.67842544679365,0.0329747899159663
d77_2,0.37702404502000003,8.52903,77.0,0.0,0.0,0.0,0.7846635218827208,0.0751455912508544
d62_2,0.3771014978,8.55352,62.0,0.0,0.0,0.0,0.7576257344602414,0.0605631940772078
d94_1,0.3770993428,8.53029,94.0,0.0,0.0,0.0,0.8067906790711669,0.0919073438572409
d81_1,0.37733680431999994,8.51711,81.0,0.0,0.0,0.0,0.7918560937442903,0.0794101851851851
d58_3,0.3755499483599999,8.54919,58.0,0.0,0.0,0.0,0.7505177044752716,0.0559927404718693
d54_8,0.3749078543,8.55742,54.0,0.0,0.0,0.0,0.7403218686420823,0.0516268343815513
d41_8,0.37413411014000003,8.57361,41.0,0.0,0.0,0.0,0.7004544397311043,0.0397134146341463
d87_7,0.37695850906,8.52046,87.0,0.0,0.0,0.0,0.7989282949100724,0.0853889334402566
d92_7,0.37770994713999995,8.51808,92.0,0.0,0.0,0.0,0.8048641566057512,0.0904586717630195
d47_9,0.37531079132,8.55869,47.0,0.0,0.0,0.0,0.7206297243389498,0.0451082331174838
d52_9,0.37536531474,8.56321,52.0,0.0,0.0,0.0,0.7347354240358919,0.0506266968325791
d94_6,0.37730143134,8.51978,94.0,0.0,0.0,0.0,0.8051487459585355,0.0924145504461221
d81_6,0.37707810661999996,8.52345,81.0,0.0,0.0,0.0,0.7904406750086438,0.0793694444444444
d58_4,0.3762274446200001,8.54966,58.0,0.0,0.0,0.0,0.7489818960003676,0.0562940108892921
d87_0,0.37683572979999996,8.50655,87.0,0.0,0.0,0.0,0.7970528873783432,0.0852582197273456
d92_0,0.37754272860000004,8.50105,92.0,0.0,0.0,0.0,0.8026497225241987,0.0900021500238891
d8_9,0.34999138405999997,9.00246,8.0,0.0,0.0,0.0,0.3447812710674564,0.0056785714285714
d4_2,0.31779942892,9.73063,4.0,0.0,0.0,0.0,0.140676979382381,0.0025
d78_0,0.37624752368000003,8.52073,78.0,0.0,0.0,0.0,0.7861413295554792,0.0758091908091908
d2_4,0.24150022146,11.79951,2.0,0.0,0.0,0.0,0.0,0.0
d29_3,0.3715345269,8.61406,29.0,0.0,0.0,0.0,0.6419516863813358,0.0268448275862068
d30_8,0.37218235284,8.61111,30.0,0.0,0.0,0.0,0.6493101245205695,0.0284689655172413
d25_8,0.36947186616,8.64159,25.0,0.0,0.0,0.0,0.6158846381448988,0.0226
d4_5,0.3173222751,9.76981,4.0,0.0,0.0,0.0,0.1434655249231091,0.0005
d23_9,0.36894741311999996,8.65775,23.0,0.0,0.0,0.0,0.5992366822576161,0.0202529644268774
d36_9,0.3736978314,8.57032,36.0,0.0,0.0,0.0,0.6801861598218913,0.0341333333333333
d78_7,0.37744218188,8.51454,78.0,0.0,0.0,0.0,0.785780942208136,0.076046953046953
d2_3,0.24056553496,11.8935,2.0,0.0,0.0,0.0,0.0,0.0
d29_4,0.37180308906000004,8.61282,29.0,0.0,0.0,0.0,0.6461915229260335,0.0268004926108374
d6_8,0.34133029513999996,9.2129,6.0,0.0,0.0,0.0,0.2628539784750795,0.0038
d63_1,0.37637970998000003,8.53558,63.0,0.0,0.0,0.0,0.7633889298897616,0.0614961597542242
d76_1,0.3768104911800001,8.51219,76.0,0.0,0.0,0.0,0.7808968018960921,0.0741694736842105
d34_4,0.37266282632,8.60059,34.0,0.0,0.0,0.0,0.6709092748298093,0.032427807486631
d21_4,0.36823381945999994,8.67543,21.0,0.0,0.0,0.0,0.5821959012758158,0.0187142857142857
d70_7,0.37579882007999993,8.53262,70.0,0.0,0.0,0.0,0.7726157144685655,0.067551552795031
d65_7,0.37572202941999994,8.55521,65.0,0.0,0.0,0.0,0.7648341545838674,0.0632091346153846
d27_2,0.37116919339999993,8.61592,27.0,0.0,0.0,0.0,0.6307247154057417,0.0248888888888888
d32_2,0.37325363163999997,8.58268,32.0,0.0,0.0,0.0,0.6590981657299446,0.0301693548387096
d34_3,0.37316390227999996,8.59621,34.0,0.0,0.0,0.0,0.6677707441302559,0.0326737967914438
d21_3,0.36892743726,8.66635,21.0,0.0,0.0,0.0,0.5838440691457596,0.0185285714285714
d38_8,0.37376145342000006,8.57088,38.0,0.0,0.0,0.0,0.6881832090213912,0.0365547652916073
d63_6,0.37665554046,8.54712,63.0,0.0,0.0,0.0,0.7596073800558235,0.0608049155145929
d76_6,0.37770465707999995,8.51451,76.0,0.0,0.0,0.0,0.7820708272301375,0.0739694736842105
d27_5,0.37145462414,8.62417,27.0,0.0,0.0,0.0,0.6280365091741236,0.0248547008547008
d32_5,0.37326267434,8.57729,32.0,0.0,0.0,0.0,0.6608661616886292,0.029383064516129
d70_0,0.37580848244,8.53406,70.0,0.0,0.0,0.0,0.7750467684893836,0.0689018633540372
d65_0,0.37647257739999995,8.53648,65.0,0.0,0.0,0.0,0.7629336502132745,0.0631355769230769
d12_1,0.3603598134399999,8.82511,12.0,0.0,0.0,0.0,0.4545489664594278,0.0108181818181818
d50_4,0.37572369340000006,8.55262,50.0,0.0,0.0,0.0,0.7298669834455127,0.0484334693877551
d45_4,0.37427819035999993,8.56116,45.0,0.0,0.0,0.0,0.7158183215905866,0.043090909090909
d14_7,0.3635449486200001,8.74351,14.0,0.0,0.0,0.0,0.4902623387562358,0.0124285714285714
d43_2,0.37466565982,8.54886,43.0,0.0,0.0,0.0,0.706851325310953,0.0409202657807308
d56_2,0.37530961879999997,8.54573,56.0,0.0,0.0,0.0,0.7479891544832643,0.0537857142857142
d89_6,0.37722842491999997,8.53508,89.0,0.0,0.0,0.0,0.7995897706181403,0.0873156281920326
d50_3,0.37553810794000014,8.53944,50.0,0.0,0.0,0.0,0.7302235301636509,0.0482522448979591
d45_3,0.3746559254399999,8.55675,45.0,0.0,0.0,0.0,0.7152430038980268,0.0432090909090909
d49_8,0.37533375073999997,8.54746,49.0,0.0,0.0,0.0,0.7278832812970949,0.0467653061224489
d12_6,0.3606805587,8.81658,12.0,0.0,0.0,0.0,0.4503314018426969,0.0097727272727272
d43_5,0.37432266848000006,8.55096,43.0,0.0,0.0,0.0,0.7086249591753837,0.0415448504983388
d56_5,0.3754333792799999,8.54542,56.0,0.0,0.0,0.0,0.7469321641283098,0.0537681818181818
d14_0,0.3627670785,8.77578,14.0,0.0,0.0,0.0,0.487598285973754,0.0113406593406593
d89_1,0.3767622449200001,8.52451,89.0,0.0,0.0,0.0,0.801119994896282,0.0872857507660878
d95_0,0.37738822056000004,8.50943,95.0,0.0,0.0,0.0,0.8103149988963131,0.093325195968645
d80_0,0.37718930238000004,8.52727,80.0,0.0,0.0,0.0,0.7905015379844333,0.0782743670886075
d86_6,0.37668294214000003,8.52166,86.0,0.0,0.0,0.0,0.7963879814677264,0.0842002735978112
d93_6,0.3775548759599999,8.51187,93.0,0.0,0.0,0.0,0.8043783494517169,0.0915021037868162
d59_2,0.3752312052599999,8.55471,59.0,0.0,0.0,0.0,0.7537751236813801,0.0571858562244301
d55_9,0.37642926278,8.53706,55.0,0.0,0.0,0.0,0.7410556821851134,0.0523878787878787
d40_9,0.37286303518,8.57768,40.0,0.0,0.0,0.0,0.6976421127695412,0.0382115384615384
d95_7,0.3768282783599999,8.5319,95.0,0.0,0.0,0.0,0.8093900908812427,0.0931572228443449
d80_7,0.3769285903400001,8.51448,80.0,0.0,0.0,0.0,0.7891782760796313,0.0783227848101265
d46_8,0.37403514764000007,8.55406,46.0,0.0,0.0,0.0,0.7207656889069478,0.043863768115942
d53_8,0.3758296405200001,8.5424,53.0,0.0,0.0,0.0,0.7393760235162845,0.0510391872278664
d86_1,0.37812251577999995,8.51171,86.0,0.0,0.0,0.0,0.7963183443263959,0.0841296853625171
d93_1,0.377907172,8.50071,93.0,0.0,0.0,0.0,0.8059990106412317,0.0913997194950911
d59_5,0.37655375006,8.53616,59.0,0.0,0.0,0.0,0.753208236287854,0.0567159555815312
d79_1,0.37751795324,8.51717,79.0,0.0,0.0,0.0,0.7862163671262247,0.0775433300876338
d5_3,0.33132862212,9.41404,5.0,0.0,0.0,0.0,0.2044807574746635,0.0027
d28_2,0.3722128471399999,8.61294,28.0,0.0,0.0,0.0,0.6329020719675156,0.0261111111111111
d31_9,0.37286777851999997,8.60649,31.0,0.0,0.0,0.0,0.6546745791544508,0.0288645161290322
d24_9,0.3698348607800001,8.64115,24.0,0.0,0.0,0.0,0.6104323637987045,0.021695652173913
d3_5,0.29420692186,10.2535,3.0,0.0,0.0,0.0,0.0596021016646475,0.001
d22_8,0.36952406352000006,8.65131,22.0,0.0,0.0,0.0,0.5879034715774153,0.02
d37_8,0.37313795624,8.57072,37.0,0.0,0.0,0.0,0.6864371982443408,0.034536036036036
d79_6,0.37658100744,8.52907,79.0,0.0,0.0,0.0,0.7862651504497578,0.0775511197663096
d5_4,0.33119980702,9.42054,5.0,0.0,0.0,0.0,0.2024149983223699,0.0033
d28_5,0.37170454438,8.61252,28.0,0.0,0.0,0.0,0.6354107572483583,0.025515873015873
d3_2,0.29368017972,10.2264,3.0,0.0,0.0,0.0,0.0617791429613069,0.002
d62_0,0.37505191344000005,8.54056,62.0,0.0,0.0,0.0,0.755519254747105,0.0598968799576943
d77_0,0.37728208098000005,8.5232,77.0,0.0,0.0,0.0,0.7864269277866046,0.0749436090225564
d35_5,0.3732120446,8.58003,35.0,0.0,0.0,0.0,0.6776107944011646,0.0333579831932773
d20_5,0.36808310054000004,8.66932,20.0,0.0,0.0,0.0,0.5747442655490222,0.0184105263157894
d7_9,0.34469510608000004,9.09642,7.0,0.0,0.0,0.0,0.3037007010678394,0.0057142857142857
d71_6,0.37656447260000003,8.52714,71.0,0.0,0.0,0.0,0.7766153973833749,0.0692668008048289
d64_6,0.3767134074,8.52144,64.0,0.0,0.0,0.0,0.7590523197916185,0.0624017857142857
d26_3,0.3707191969000001,8.63841,26.0,0.0,0.0,0.0,0.6220793749346184,0.0237230769230769
d33_3,0.37275200846,8.58953,33.0,0.0,0.0,0.0,0.6634324400458479,0.0308522727272727
d35_2,0.37304229114000004,8.59519,35.0,0.0,0.0,0.0,0.6754892164374854,0.0321781512605042
d20_2,0.36892272560000006,8.6816,20.0,0.0,0.0,0.0,0.5720100995503022,0.0177157894736842
d39_9,0.37289256274,8.57948,39.0,0.0,0.0,0.0,0.6923741214401153,0.037080971659919
d62_7,0.37596718217999997,8.53482,62.0,0.0,0.0,0.0,0.758176301622279,0.0604822845055526
d77_7,0.3760115012,8.53089,77.0,0.0,0.0,0.0,0.7853839335067189,0.0749876965140123
d26_4,0.37132887028,8.62503,26.0,0.0,0.0,0.0,0.6205760252202279,0.0245446153846153
d33_4,0.37326096293999994,8.58741,33.0,0.0,0.0,0.0,0.6612296126307577,0.0315113636363636
d71_1,0.3766364787599999,8.52947,71.0,0.0,0.0,0.0,0.7740301538095347,0.0689867203219316
d64_1,0.3756049098,8.54469,64.0,0.0,0.0,0.0,0.7646293703366096,0.0622946428571428
d13_0,0.36162770514,8.78356,13.0,0.0,0.0,0.0,0.4699532686629135,0.0121923076923076
d51_5,0.3749125187000001,8.54781,51.0,0.0,0.0,0.0,0.7337239791155953,0.0489294117647058
d44_5,0.37491303872,8.55523,44.0,0.0,0.0,0.0,0.71375956048731,0.041892177589852
d100_7,0.37774134244,8.51248,100.0,0.0,0.0,0.0,0.8137890857645164,0.098340606060606
d88_7,0.37704927106,8.5111,88.0,0.0,0.0,0.0,0.7987531086451601,0.0865133228840125
d15_6,0.36462462614,8.73694,15.0,0.0,0.0,0.0,0.5057552749096341,0.0135142857142857
d42_3,0.37426076461999996,8.57193,42.0,0.0,0.0,0.0,0.7022345539756951,0.0402334494773519
d57_3,0.37628552172,8.53398,57.0,0.0,0.0,0.0,0.7464835846345724,0.0551296992481203
d51_2,0.3752042504,8.54993,51.0,0.0,0.0,0.0,0.7335292108576293,0.0492258823529411
d44_2,0.3750281349200001,8.55269,44.0,0.0,0.0,0.0,0.711434839203663,0.0418414376321353
d48_9,0.3746212673999999,8.55413,48.0,0.0,0.0,0.0,0.7229194046455931,0.0461728723404255
d13_7,0.3620085402,8.79435,13.0,0.0,0.0,0.0,0.4740806882734515,0.0118461538461538
d100_0,0.3773808362999999,8.51629,100.0,0.0,0.0,0.0,0.8125301164636348,0.0980569696969697
d88_0,0.3768836347,8.52695,88.0,0.0,0.0,0.0,0.8012965985880511,0.0859529780564263
d42_4,0.3744011810399999,8.56148,42.0,0.0,0.0,0.0,0.7033915303438986,0.0399268292682926
d57_4,0.375570731,8.54528,57.0,0.0,0.0,0.0,0.7450333696196664,0.0555150375939849
d15_1,0.36386081276,8.74638,15.0,0.0,0.0,0.0,0.5100612137282395,0.0135714285714285
d65_1,0.37580468922,8.53253,65.0,0.0,0.0,0.0,0.7641452684319155,0.0627014423076923
d70_1,0.37671166074,8.52713,70.0,0.0,0.0,0.0,0.7739354493654247,0.0683739130434782
d32_4,0.3721909841,8.59501,32.0,0.0,0.0,0.0,0.6609093319849875,0.0303266129032258
d27_4,0.3716474469,8.61778,27.0,0.0,0.0,0.0,0.628597972279646,0.0253931623931623
d76_7,0.37620897616000004,8.54162,76.0,0.0,0.0,0.0,0.7839666002895348,0.0740073684210526
d63_7,0.37639532274000004,8.5397,63.0,0.0,0.0,0.0,0.7602487093370635,0.0612411674347158
d38_9,0.37307757366000005,8.58286,38.0,0.0,0.0,0.0,0.6846748578770477,0.036153627311522
d21_2,0.3694432821,8.66494,21.0,0.0,0.0,0.0,0.5824686621522008,0.0185
d34_2,0.3729147635,8.58661,34.0,0.0,0.0,0.0,0.6688680221088307,0.0320213903743315
d32_3,0.37259792793999996,8.59449,32.0,0.0,0.0,0.0,0.6590333940343042,0.0309375
d27_3,0.37074364894,8.617,27.0,0.0,0.0,0.0,0.6297822769636671,0.025076923076923
d65_6,0.37621874696000007,8.54335,65.0,0.0,0.0,0.0,0.7640694334898975,0.0633591346153846
d70_6,0.37659712910000004,8.53067,70.0,0.0,0.0,0.0,0.7708368326225121,0.0682807453416149
d21_5,0.36857165902,8.66267,21.0,0.0,0.0,0.0,0.5784557598045144,0.0189
d34_5,0.37308534532000004,8.58688,34.0,0.0,0.0,0.0,0.6702103611218118,0.0318770053475935
d76_0,0.37667772634,8.53721,76.0,0.0,0.0,0.0,0.7825216600589058,0.0741115789473684
d63_0,0.37599614612,8.52593,63.0,0.0,0.0,0.0,0.7626293143195492,0.0610860215053763
d6_9,0.34049794906,9.18247,6.0,0.0,0.0,0.0,0.2631712403704843,0.0052
d89_0,0.3773590642000001,8.51101,89.0,0.0,0.0,0.0,0.800226989073838,0.0874129213483146
d14_1,0.36273083816000007,8.77945,14.0,0.0,0.0,0.0,0.4944620494042521,0.012
d56_4,0.37568197785999996,8.5381,56.0,0.0,0.0,0.0,0.7417296093440794,0.0543837662337662
d43_4,0.37397349534,8.57216,43.0,0.0,0.0,0.0,0.7066311970328336,0.0414617940199335
d12_7,0.35986200971999993,8.83622,12.0,0.0,0.0,0.0,0.4572314295407169,0.0104090909090909
d49_9,0.37608764184000004,8.54591,49.0,0.0,0.0,0.0,0.7264904194720347,0.0472551020408163
d45_2,0.37506123659999996,8.55743,45.0,0.0,0.0,0.0,0.7167143479914216,0.0434333333333333
d50_2,0.37593162832000004,8.53991,50.0,0.0,0.0,0.0,0.7277435611238975,0.0483477551020408
d89_7,0.37721927428000007,8.51464,89.0,0.0,0.0,0.0,0.8010166535335105,0.087017620020429
d56_3,0.37656531934,8.53095,56.0,0.0,0.0,0.0,0.7443308490054513,0.0546058441558441
d43_3,0.37419476533999996,8.56117,43.0,0.0,0.0,0.0,0.7101030048270749,0.0411694352159468
d14_6,0.36396922697999995,8.77262,14.0,0.0,0.0,0.0,0.4910312003546156,0.0119670329670329
d45_5,0.37462662568,8.55385,45.0,0.0,0.0,0.0,0.7150588563748411,0.0430818181818181
d50_5,0.37535399133999997,8.55621,50.0,0.0,0.0,0.0,0.7310853951567325,0.048404081632653
d12_0,0.35999051819999994,8.82822,12.0,0.0,0.0,0.0,0.4585031962966644,0.0096363636363636
d92_1,0.37716877488,8.51107,92.0,0.0,0.0,0.0,0.8060591576741072,0.0902895365504061
d87_1,0.37707464064,8.5265,87.0,0.0,0.0,0.0,0.7984896804920443,0.0852325581395348
d58_5,0.37576027836000003,8.55217,58.0,0.0,0.0,0.0,0.7501554127659628,0.056087114337568
d81_7,0.37592320679999996,8.5331,81.0,0.0,0.0,0.0,0.7900304608893587,0.0793138888888888
d94_7,0.3766084576000001,8.52114,94.0,0.0,0.0,0.0,0.8075665178032152,0.0925435827041866
d52_8,0.3750770849600001,8.55069,52.0,0.0,0.0,0.0,0.7384219464640219,0.0499932126696832
d47_8,0.37459502242000003,8.54731,47.0,0.0,0.0,0.0,0.7224931324662588,0.0453385753931544
d92_6,0.37707662449999996,8.50982,92.0,0.0,0.0,0.0,0.8025978455577384,0.0902400860009555
d87_6,0.37607663541999997,8.52453,87.0,0.0,0.0,0.0,0.7970506734050694,0.0854065757818765
d41_9,0.37489549382,8.56146,41.0,0.0,0.0,0.0,0.7028120618523721,0.0389560975609756
d54_9,0.37518491996,8.54,54.0,0.0,0.0,0.0,0.7398255915420592,0.0521174004192872
d58_2,0.37519712306,8.54704,58.0,0.0,0.0,0.0,0.7508577447070817,0.0558656987295825
d81_0,0.37645425272,8.51565,81.0,0.0,0.0,0.0,0.7881507114446463,0.0796342592592592
d94_0,0.37788568132,8.51525,94.0,0.0,0.0,0.0,0.8051374442142047,0.092789979409746
d29_5,0.37187760666,8.61098,29.0,0.0,0.0,0.0,0.6435373654141199,0.0267561576354679
d2_2,0.2411757941,11.81438,2.0,0.0,0.0,0.0,0.0,0.0
d78_6,0.37719418126,8.51252,78.0,0.0,0.0,0.0,0.7845425017516725,0.0762927072927072
d36_8,0.37357523662,8.57721,36.0,0.0,0.0,0.0,0.6800446597852746,0.0346238095238095
d23_8,0.3698308478,8.64147,23.0,0.0,0.0,0.0,0.5995864390805732,0.0207154150197628
d4_4,0.31719699042,9.69308,4.0,0.0,0.0,0.0,0.139234628391342,0.002
d25_9,0.37051674666,8.61406,25.0,0.0,0.0,0.0,0.6177961810138053,0.02308
d30_9,0.37223512456,8.60948,30.0,0.0,0.0,0.0,0.650467459709022,0.0286965517241379
d29_2,0.37218615874000005,8.60121,29.0,0.0,0.0,0.0,0.6424315863214982,0.0263940886699507
d2_5,0.24128866969999996,11.81329,2.0,0.0,0.0,0.0,0.0,0.0
d78_1,0.3763065289,8.51302,78.0,0.0,0.0,0.0,0.7851400795480542,0.0762537462537462
d4_3,0.31650935174,9.75886,4.0,0.0,0.0,0.0,0.1376329016901993,0.002
d8_8,0.34982760566,8.99143,8.0,0.0,0.0,0.0,0.3412177366670706,0.0068571428571428
d64_0,0.37702124378,8.52822,64.0,0.0,0.0,0.0,0.7609325834837974,0.0620729166666666
d71_0,0.37606108575999997,8.52243,71.0,0.0,0.0,0.0,0.774864904750996,0.069399597585513
d33_5,0.37295332264000003,8.60872,33.0,0.0,0.0,0.0,0.6655817295444141,0.0318636363636363
d26_5,0.3709761109,8.6234,26.0,0.0,0.0,0.0,0.626826070773154,0.0239261538461538
d77_6,0.3766411342999999,8.52848,77.0,0.0,0.0,0.0,0.7842659124010083,0.0752799043062201
d62_6,0.3762027344400001,8.54299,62.0,0.0,0.0,0.0,0.7569183068408051,0.0600904283447911
d39_8,0.37447383852,8.56315,39.0,0.0,0.0,0.0,0.6946400075482511,0.0378218623481781
d20_3,0.36813227446,8.68807,20.0,0.0,0.0,0.0,0.5712471248100591,0.0180947368421052
d35_3,0.37358823578000006,8.59384,35.0,0.0,0.0,0.0,0.6764593240726658,0.0330453781512605
d33_2,0.37262764522,8.57951,33.0,0.0,0.0,0.0,0.6660880469805096,0.0316988636363636
d26_2,0.37041898329999995,8.63757,26.0,0.0,0.0,0.0,0.6228419006086431,0.0242030769230769
d64_7,0.37616433166,8.53827,64.0,0.0,0.0,0.0,0.7637535224514258,0.0619241071428571
d71_7,0.3765509213599999,8.5284,71.0,0.0,0.0,0.0,0.7769532632148156,0.0694080482897384
d7_8,0.3459422335599999,9.0802,7.0,0.0,0.0,0.0,0.3053275332966154,0.0047142857142857
d20_4,0.36952400750000003,8.66901,20.0,0.0,0.0,0.0,0.5694944695222905,0.0190421052631578
d35_4,0.37249617912,8.58176,35.0,0.0,0.0,0.0,0.6764781388678113,0.0329848739495798
d77_1,0.37639677965999996,8.52793,77.0,0.0,0.0,0.0,0.7844384504493482,0.0748410799726589
d62_1,0.3755446445000001,8.54185,62.0,0.0,0.0,0.0,0.7586637275511184,0.060134849286092
d15_0,0.36491414014000007,8.73884,15.0,0.0,0.0,0.0,0.5054684576355,0.0147142857142857
d57_5,0.3752778902800001,8.54244,57.0,0.0,0.0,0.0,0.749811807975258,0.0550131578947368
d42_5,0.37471050338,8.57262,42.0,0.0,0.0,0.0,0.705123100618808,0.0400139372822299
d88_1,0.37679462267999997,8.51873,88.0,0.0,0.0,0.0,0.8000622199716954,0.0868722570532915
d13_6,0.36262373727999997,8.77092,13.0,0.0,0.0,0.0,0.4766470821597621,0.0116153846153846
d48_8,0.3755173886399999,8.55338,48.0,0.0,0.0,0.0,0.7242984110338788,0.0461063829787234
d44_3,0.37394917813999995,8.56907,44.0,0.0,0.0,0.0,0.7126024386415036,0.0423837209302325
d51_3,0.37602070078000005,8.54127,51.0,0.0,0.0,0.0,0.7328071260009719,0.0489294117647058
d100_1,0.37761767997999995,8.50893,100.0,0.0,0.0,0.0,0.8126030799212172,0.0983557575757575
d57_2,0.3759456452800001,8.55404,57.0,0.0,0.0,0.0,0.7492474282649328,0.054922932330827
d42_2,0.37401896386,8.5663,42.0,0.0,0.0,0.0,0.7038710717539773,0.0403240418118466
d15_7,0.36475230096000005,8.74013,15.0,0.0,0.0,0.0,0.5047091714986466,0.0136857142857142
d88_6,0.37754032417999994,8.51686,88.0,0.0,0.0,0.0,0.7999243876627506,0.0863550156739812
d44_4,0.3747840371799999,8.57047,44.0,0.0,0.0,0.0,0.7129994731203356,0.0421997885835095
d51_4,0.37546639612000005,8.55233,51.0,0.0,0.0,0.0,0.7327766902349738,0.0499294117647058
d13_1,0.36130045495999996,8.79243,13.0,0.0,0.0,0.0,0.4749656138066936,0.0106538461538461
d100_6,0.37756463403999996,8.51073,100.0,0.0,0.0,0.0,0.8104728451364255,0.0981484848484848
d59_4,0.37554588308,8.53774,59.0,0.0,0.0,0.0,0.7510613383603764,0.0574015195791934
d93_0,0.37667943203999993,8.52313,93.0,0.0,0.0,0.0,0.8070893023391207,0.0913997194950911
d86_0,0.37667793124000004,8.51174,86.0,0.0,0.0,0.0,0.7973894876806283,0.0843833105335157
d53_9,0.37511953764000006,8.55378,53.0,0.0,0.0,0.0,0.7373118472275149,0.050788824383164
d46_9,0.37470124303999996,8.55389,46.0,0.0,0.0,0.0,0.7143154987474231,0.0446753623188405
d80_6,0.37749098989999996,8.50327,80.0,0.0,0.0,0.0,0.788121535442641,0.0780474683544303
d95_6,0.37699649398,8.51337,95.0,0.0,0.0,0.0,0.8082804437550379,0.0931646136618141
d40_8,0.37366319272,8.57295,40.0,0.0,0.0,0.0,0.6950198430397774,0.0376961538461538
d55_8,0.37664300804,8.5268,55.0,0.0,0.0,0.0,0.7437684928485445,0.0527838383838383
d59_3,0.37615643632,8.5359,59.0,0.0,0.0,0.0,0.7522679268987877,0.0568983050847457
d93_7,0.37681222844,8.51601,93.0,0.0,0.0,0.0,0.8064193608338952,0.0912840112201963
d86_7,0.37787119590000007,8.50389,86.0,0.0,0.0,0.0,0.7962457992550015,0.0840870041039671
d80_1,0.37651287755999996,8.52514,80.0,0.0,0.0,0.0,0.7906972431682209,0.0778794303797468
d95_1,0.37761769598,8.50937,95.0,0.0,0.0,0.0,0.8072169942077512,0.0936846584546472
d3_3,0.2934753898,10.31745,3.0,0.0,0.0,0.0,0.0624798671481077,0.001
d28_4,0.37158984934,8.62447,28.0,0.0,0.0,0.0,0.6365879526514326,0.0262619047619047
d5_5,0.33131327652,9.39212,5.0,0.0,0.0,0.0,0.2054375959777543,0.0039
d79_7,0.3767269153999999,8.53154,79.0,0.0,0.0,0.0,0.788932585868288,0.0773378773125608
d37_9,0.37389923232,8.56747,37.0,0.0,0.0,0.0,0.686456021623722,0.0347837837837837
d22_9,0.36946094356000003,8.65832,22.0,0.0,0.0,0.0,0.5924052563672598,0.0202467532467532
d3_4,0.2941979894600001,10.22247,3.0,0.0,0.0,0.0,0.0613820264196047,0.001
d24_8,0.36977581498,8.64095,24.0,0.0,0.0,0.0,0.6068922750957837,0.0215869565217391
d31_8,0.37191692006,8.61111,31.0,0.0,0.0,0.0,0.6506311601334432,0.0296645161290322
d28_3,0.37169518446,8.624,28.0,0.0,0.0,0.0,0.6357805024903053,0.0261349206349206
d5_2,0.33086393972,9.38922,5.0,0.0,0.0,0.0,0.2042297683576784,0.0012
d79_0,0.37699116132000005,8.51954,79.0,0.0,0.0,0.0,0.786398899760279,0.0773836416747809
d11_1,0.35806979642,8.85215,11.0,0.0,0.0,0.0,0.4348427993886616,0.0084
d46_4,0.37439678432,8.54892,46.0,0.0,0.0,0.0,0.7196362638073114,0.044495652173913
d53_4,0.37498455154000004,8.54958,53.0,0.0,0.0,0.0,0.7348603640651218,0.0514136429608127
d59_9,0.37567429435999994,8.52396,59.0,0.0,0.0,0.0,0.7507376574682386,0.0568684979544126
d17_7,0.36726696865999997,8.69563,17.0,0.0,0.0,0.0,0.5363945259442775,0.0149558823529411
d55_2,0.37547155479999994,8.54338,55.0,0.0,0.0,0.0,0.739924165071797,0.0536727272727272
d40_2,0.37418727006,8.5683,40.0,0.0,0.0,0.0,0.6967574237772537,0.03825
d46_3,0.3749848646,8.55752,46.0,0.0,0.0,0.0,0.7173219518297551,0.0440260869565217
d53_3,0.37597211184,8.54521,53.0,0.0,0.0,0.0,0.7380049028840414,0.0515573294629898
d11_6,0.35838343634000003,8.86561,11.0,0.0,0.0,0.0,0.4298418300188495,0.0111818181818181
d55_5,0.37603029994,8.53584,55.0,0.0,0.0,0.0,0.7423122348826283,0.0531878787878787
d40_5,0.37505157342,8.56084,40.0,0.0,0.0,0.0,0.6960122566939444,0.0378730769230769
d17_0,0.36667102192,8.68924,17.0,0.0,0.0,0.0,0.5339329734496454,0.0155073529411764
d75_1,0.37697726985999996,8.51668,75.0,0.0,0.0,0.0,0.7807265769487068,0.07296
d60_1,0.3763307040400001,8.54554,60.0,0.0,0.0,0.0,0.7544107394602173,0.0582135593220339
d22_4,0.36945809094,8.64268,22.0,0.0,0.0,0.0,0.5934460589377204,0.0194285714285714
d37_4,0.3736088537599999,8.58109,37.0,0.0,0.0,0.0,0.6857097216920739,0.0354459459459459
d5_8,0.33104266309999997,9.41341,5.0,0.0,0.0,0.0,0.2089538807564374,0.003
d28_9,0.37143194552000003,8.61503,28.0,0.0,0.0,0.0,0.635178432431324,0.0267460317460317
d66_7,0.37599723284,8.52617,66.0,0.0,0.0,0.0,0.7644404882174618,0.0639580419580419
d73_7,0.3764509331399999,8.52638,73.0,0.0,0.0,0.0,0.7803122649234164,0.0716552511415525
d31_2,0.37233035344,8.60067,31.0,0.0,0.0,0.0,0.6547649854310864,0.0287612903225806
d24_2,0.37052653152,8.6355,24.0,0.0,0.0,0.0,0.6114224152750611,0.0218043478260869
d22_3,0.36973353651999996,8.65998,22.0,0.0,0.0,0.0,0.5853531438737908,0.0199740259740259
d37_3,0.37466332676000014,8.56544,37.0,0.0,0.0,0.0,0.6798139883511056,0.0353198198198198
d75_6,0.37604556769999997,8.52917,75.0,0.0,0.0,0.0,0.7825457614198258,0.0733264864864864
d60_6,0.3757903383,8.53618,60.0,0.0,0.0,0.0,0.7537087942274778,0.0582864406779661
d31_5,0.3736763977,8.57647,31.0,0.0,0.0,0.0,0.6565777843259799,0.0289612903225806
d24_5,0.3703431502,8.65233,24.0,0.0,0.0,0.0,0.6097399886875957,0.0221086956521739
d66_0,0.37625597192,8.54577,66.0,0.0,0.0,0.0,0.7684210244069041,0.0639020979020979
d73_0,0.3765882011400001,8.52457,73.0,0.0,0.0,0.0,0.7805161970407776,0.0712728310502283
d3_9,0.29358442504000004,10.26553,3.0,0.0,0.0,0.0,0.0587047134333929,0.0
d39_5,0.37384863362,8.57857,39.0,0.0,0.0,0.0,0.6919190595361506,0.0376842105263157
d7_2,0.34568117504000007,9.10147,7.0,0.0,0.0,0.0,0.3053400308477563,0.0041428571428571
d26_8,0.37060558684000006,8.62925,26.0,0.0,0.0,0.0,0.6260326870791187,0.0246092307692307
d33_8,0.37223782053999993,8.59289,33.0,0.0,0.0,0.0,0.6645498859569333,0.0316363636363636
d68_6,0.37654625258,8.52824,68.0,0.0,0.0,0.0,0.7693771171817949,0.0665175592625109
d35_9,0.37314429724000003,8.58352,35.0,0.0,0.0,0.0,0.6753184517121454,0.0332218487394957
d20_9,0.36859876754,8.67466,20.0,0.0,0.0,0.0,0.5721851886349698,0.0177157894736842
d39_2,0.37396957297999994,8.56951,39.0,0.0,0.0,0.0,0.6904168825510779,0.0372267206477732
d7_5,0.34567184492,9.09672,7.0,0.0,0.0,0.0,0.3106124408599219,0.005
d68_1,0.3768104743399999,8.53486,68.0,0.0,0.0,0.0,0.7707455057461112,0.0660421422300263
d82_1,0.37656073454,8.53409,82.0,0.0,0.0,0.0,0.7948790145174262,0.0799801264679313
d97_1,0.37745552982,8.51109,97.0,0.0,0.0,0.0,0.8109287872591202,0.0951288659793814
d48_5,0.37510050761999997,8.55727,48.0,0.0,0.0,0.0,0.7254300426010445,0.0458563829787234
d91_7,0.37762934528000003,8.51652,91.0,0.0,0.0,0.0,0.8050013032467592,0.0889677655677655
d84_7,0.3774426323600001,8.51306,84.0,0.0,0.0,0.0,0.7946196719007498,0.0820430292598967
d42_8,0.37446707942,8.56087,42.0,0.0,0.0,0.0,0.7031397731116602,0.040390243902439
d57_8,0.37541049730000003,8.54401,57.0,0.0,0.0,0.0,0.7499412814955607,0.0550845864661654
d19_6,0.36844586986,8.67849,19.0,0.0,0.0,0.0,0.5613720020159775,0.0174912280701754
d82_6,0.37649589769999997,8.52195,82.0,0.0,0.0,0.0,0.7921955189085744,0.0801924119241192
d97_6,0.37699562982,8.5023,97.0,0.0,0.0,0.0,0.8118053975197903,0.0949400773195876
d51_9,0.37580245328000006,8.54124,51.0,0.0,0.0,0.0,0.7323621710220366,0.0494611764705882
d44_9,0.37464185202,8.56068,44.0,0.0,0.0,0.0,0.7118590385698323,0.0421775898520084
d48_2,0.37504236114,8.55379,48.0,0.0,0.0,0.0,0.7203485631567547,0.0461675531914893
d91_0,0.37735900007999995,8.52454,91.0,0.0,0.0,0.0,0.8038083544260352,0.0892241758241758
d84_0,0.3767916948199999,8.52699,84.0,0.0,0.0,0.0,0.7941048585359123,0.0817994836488812
d19_1,0.367958373,8.68466,19.0,0.0,0.0,0.0,0.5634358546765822,0.0174736842105263
d10_0,0.35617942084000004,8.91162,10.0,0.0,0.0,0.0,0.3984561584820622,0.0086
d47_5,0.37477499777999995,8.55699,47.0,0.0,0.0,0.0,0.7215578685260884,0.0450693802035152
d52_5,0.37506757731999996,8.54874,52.0,0.0,0.0,0.0,0.7354761214803393,0.0501515837104072
d98_1,0.37721071512000004,8.50786,98.0,0.0,0.0,0.0,0.8103453140563717,0.0963200084157374
d58_8,0.37621195462,8.54297,58.0,0.0,0.0,0.0,0.7504485873744351,0.0565698729582577
d16_6,0.36576784085999997,8.72322,16.0,0.0,0.0,0.0,0.5252745932768439,0.0135
d54_3,0.37500996746000004,8.54971,54.0,0.0,0.0,0.0,0.7381448093873209,0.0521341719077568
d41_3,0.37396868814,8.57778,41.0,0.0,0.0,0.0,0.7025431511739978,0.0390548780487804
d47_2,0.3748684543000001,8.55786,47.0,0.0,0.0,0.0,0.7217161089685958,0.0454856614246068
d52_2,0.37533865676,8.56045,52.0,0.0,0.0,0.0,0.7358767019985782,0.0501108597285067
d10_7,0.3554063868,8.9124,10.0,0.0,0.0,0.0,0.4074296107033223,0.0081333333333333
d54_4,0.3761304806,8.54114,54.0,0.0,0.0,0.0,0.739791325741172,0.0520062893081761
d41_4,0.37371994272000003,8.57967,41.0,0.0,0.0,0.0,0.6993388679233592,0.0392963414634146
d16_1,0.36502892588,8.7394,16.0,0.0,0.0,0.0,0.5251419483265592,0.01465
d8_2,0.35056852328,8.97668,8.0,0.0,0.0,0.0,0.3476654222119631,0.006
d4_9,0.31682083666,9.68629,4.0,0.0,0.0,0.0,0.1301873606631404,0.0015
d74_0,0.37601438598000003,8.53178,74.0,0.0,0.0,0.0,0.7792927279044355,0.0723076638282117
d61_0,0.37589817368000006,8.52943,61.0,0.0,0.0,0.0,0.7539829150534246,0.0589032786885245
d23_5,0.37066396771999993,8.64385,23.0,0.0,0.0,0.0,0.6012307357712324,0.020893280632411
d36_5,0.37326421567999996,8.58256,36.0,0.0,0.0,0.0,0.6799936291135927,0.0345238095238095
d29_8,0.37201453805999996,8.61414,29.0,0.0,0.0,0.0,0.6435326074281762,0.0269482758620689
d67_6,0.37635381766,8.54919,67.0,0.0,0.0,0.0,0.7684452821008242,0.0657435549525101
d72_6,0.37606344051999996,8.53286,72.0,0.0,0.0,0.0,0.7787931427356374,0.0699518779342723
d30_3,0.3721075863800001,8.60824,30.0,0.0,0.0,0.0,0.6468802472078754,0.0276
d25_3,0.37043918637999995,8.61939,25.0,0.0,0.0,0.0,0.617010123421126,0.02285
d8_5,0.3498742121,9.02882,8.0,0.0,0.0,0.0,0.3448673363091241,0.00525
d23_2,0.36963381761999997,8.64544,23.0,0.0,0.0,0.0,0.5983936722062924,0.0210474308300395
d36_2,0.37267630434,8.57851,36.0,0.0,0.0,0.0,0.6806379057743914,0.0341761904761904
d74_7,0.37665391846000007,8.51595,74.0,0.0,0.0,0.0,0.7794691650425277,0.0719744539059607
d61_7,0.37617945218,8.53752,61.0,0.0,0.0,0.0,0.7595864509855629,0.0588950819672131
d2_8,0.24073981406000003,11.78067,2.0,0.0,0.0,0.0,0.0,0.0
d30_4,0.37226200238000007,8.61606,30.0,0.0,0.0,0.0,0.649406690263681,0.0277931034482758
d25_4,0.37053524239999996,8.6377,25.0,0.0,0.0,0.0,0.6159889110923882,0.02377
d67_1,0.37617407939999997,8.53712,67.0,0.0,0.0,0.0,0.7680127440337795,0.0647272727272727
d72_1,0.37642766567999997,8.53165,72.0,0.0,0.0,0.0,0.7781063260394453,0.0702136150234741
d6_3,0.34028617299999997,9.16964,6.0,0.0,0.0,0.0,0.2613180733295109,0.0044
d38_4,0.37369003784,8.57927,38.0,0.0,0.0,0.0,0.690734507486013,0.0363328591749644
d27_9,0.37098800154000006,8.61418,27.0,0.0,0.0,0.0,0.6285742774331207,0.025059829059829
d32_9,0.37348644068000003,8.59192,32.0,0.0,0.0,0.0,0.6638860574039276,0.0297762096774193
d69_7,0.37570625038,8.53491,69.0,0.0,0.0,0.0,0.7711410846204164,0.0670383631713555
d6_4,0.33917735742000005,9.224,6.0,0.0,0.0,0.0,0.261746616452187,0.004
d34_8,0.37321252021999995,8.58447,34.0,0.0,0.0,0.0,0.6687281614017629,0.0320427807486631
d21_8,0.36790229842,8.67835,21.0,0.0,0.0,0.0,0.5804134869846775,0.0195
d38_3,0.37355675800000004,8.57691,38.0,0.0,0.0,0.0,0.6896664715735551,0.0362816500711237
d69_0,0.37638562052,8.52943,69.0,0.0,0.0,0.0,0.7705934019835353,0.0672109974424552
d49_4,0.3751819587,8.54699,49.0,0.0,0.0,0.0,0.7265046014243955,0.0474642857142857
d83_0,0.3772730683999999,8.51794,83.0,0.0,0.0,0.0,0.7925490532929961,0.0812962092271525
d96_0,0.37746747929999996,8.51028,96.0,0.0,0.0,0.0,0.8086729878575334,0.0940822368421052
d43_9,0.37383803598,8.56279,43.0,0.0,0.0,0.0,0.7048996514955592,0.0414983388704318
d56_9,0.3757562895199999,8.5396,56.0,0.0,0.0,0.0,0.7411391350264589,0.0543233766233766
d18_7,0.36702017383999996,8.69171,18.0,0.0,0.0,0.0,0.547374220563951,0.0161372549019607
d90_6,0.37701063274,8.50695,90.0,0.0,0.0,0.0,0.8038655801239021,0.0886756554307116
d85_6,0.37726828853999994,8.5168,85.0,0.0,0.0,0.0,0.7947979597149063,0.0832159663865546
d50_8,0.37509560046000007,8.55947,50.0,0.0,0.0,0.0,0.7266784463002015,0.0483697959183673
d45_8,0.37543780141999994,8.55442,45.0,0.0,0.0,0.0,0.7142087253455977,0.043090909090909
d49_3,0.37544782528,8.55541,49.0,0.0,0.0,0.0,0.726284629341,0.0469260204081632
d83_7,0.37681660794000005,8.53612,83.0,0.0,0.0,0.0,0.7937561435651678,0.0808607111372318
d96_7,0.3775887654600001,8.50977,96.0,0.0,0.0,0.0,0.8094368246964608,0.0940243421052631
d18_0,0.36661108672000003,8.72059,18.0,0.0,0.0,0.0,0.552605549324993,0.0157647058823529
d90_1,0.37778632783999994,8.51745,90.0,0.0,0.0,0.0,0.8034038426881355,0.0883355805243445
d85_1,0.3774733149,8.50908,85.0,0.0,0.0,0.0,0.7974971481266966,0.0835277310924369
d68_0,0.37612575756000005,8.51897,68.0,0.0,0.0,0.0,0.7686492670752124,0.0656022827041264
d7_4,0.3470312886,9.09994,7.0,0.0,0.0,0.0,0.3043451916373368,0.007
d39_3,0.3738729492399999,8.5805,39.0,0.0,0.0,0.0,0.6889543828205565,0.037582995951417
d20_8,0.36780446418,8.66738,20.0,0.0,0.0,0.0,0.5718482192992802,0.0175421052631578
d35_8,0.3732687444,8.57577,35.0,0.0,0.0,0.0,0.6750928408715136,0.033035294117647
d68_7,0.37586364610000006,8.53396,68.0,0.0,0.0,0.0,0.769610748613766,0.0661474978050921
d33_9,0.37164218584000003,8.58933,33.0,0.0,0.0,0.0,0.6641334551876026,0.0310625
d26_9,0.37151955296000005,8.62021,26.0,0.0,0.0,0.0,0.6239468267281393,0.0238984615384615
d7_3,0.34633400198,9.08856,7.0,0.0,0.0,0.0,0.300113907495758,0.005
d39_4,0.37383787161999993,8.57679,39.0,0.0,0.0,0.0,0.6947393292354385,0.0373724696356275
d19_0,0.36864721000000006,8.67791,19.0,0.0,0.0,0.0,0.5581935485009814,0.0168771929824561
d84_1,0.37691977112,8.53296,84.0,0.0,0.0,0.0,0.7944744082032477,0.0820034423407917
d91_1,0.37700196816,8.51808,91.0,0.0,0.0,0.0,0.8020114428817102,0.0894065934065934
d48_3,0.3752189620799999,8.55248,48.0,0.0,0.0,0.0,0.7247520402870026,0.0462127659574468
d44_8,0.37463509895999997,8.5734,44.0,0.0,0.0,0.0,0.7101136710937612,0.0421902748414376
d51_8,0.37531271112,8.56759,51.0,0.0,0.0,0.0,0.7351547751765677,0.0488117647058823
d97_7,0.3768001550200001,8.5248,97.0,0.0,0.0,0.0,0.811423593665559,0.0948440721649484
d82_7,0.37703008364000007,8.51531,82.0,0.0,0.0,0.0,0.7911867590636293,0.0802032520325203
d19_7,0.36761716424000007,8.68827,19.0,0.0,0.0,0.0,0.5639106358727223,0.0162280701754385
d57_9,0.37518387050000007,8.5357,57.0,0.0,0.0,0.0,0.7476828142814557,0.05496992481203
d42_9,0.37484160082,8.56354,42.0,0.0,0.0,0.0,0.7048415248736739,0.0401498257839721
d84_6,0.37687443686000005,8.51096,84.0,0.0,0.0,0.0,0.7929931836080168,0.0820808950086058
d91_6,0.37669584338,8.53062,91.0,0.0,0.0,0.0,0.802473928837916,0.0892989010989011
d48_4,0.37445227948,8.56352,48.0,0.0,0.0,0.0,0.7240370766430403,0.0463085106382978
d97_0,0.37719314138000004,8.51875,97.0,0.0,0.0,0.0,0.8114685658937926,0.0954059278350515
d82_0,0.37729511396000004,8.52437,82.0,0.0,0.0,0.0,0.7928867279130765,0.0801445347786811
d17_1,0.36596164325999997,8.72792,17.0,0.0,0.0,0.0,0.5365298757075052,0.0138088235294117
d40_4,0.37388938264000005,8.59273,40.0,0.0,0.0,0.0,0.6935170678310497,0.0378307692307692
d55_4,0.37582706842,8.53481,55.0,0.0,0.0,0.0,0.7419964265131108,0.053220202020202
d11_7,0.35870430034000006,8.85294,11.0,0.0,0.0,0.0,0.431920001674774,0.0074181818181818
d53_2,0.37451572468,8.55012,53.0,0.0,0.0,0.0,0.7391226970140451,0.0512830188679245
d46_2,0.37471761106000007,8.55856,46.0,0.0,0.0,0.0,0.7119096275208956,0.0446927536231884
d40_3,0.37417156046000005,8.56356,40.0,0.0,0.0,0.0,0.6966523597966972,0.0385153846153846
d55_3,0.37574404409999995,8.54111,55.0,0.0,0.0,0.0,0.7424368843374708,0.0533595959595959
d17_6,0.36676460761999996,8.7182,17.0,0.0,0.0,0.0,0.534887740719384,0.0150441176470588
d59_8,0.3763820548,8.53506,59.0,0.0,0.0,0.0,0.7517856947065382,0.0574050263004091
d53_5,0.37548186910000003,8.55129,53.0,0.0,0.0,0.0,0.7368622138195162,0.0512830188679245
d46_5,0.37493627636,8.56449,46.0,0.0,0.0,0.0,0.7169689445032714,0.0441072463768115
d11_0,0.35809245946,8.8687,11.0,0.0,0.0,0.0,0.4312838181560229,0.0098181818181818
d3_8,0.29397403269999994,10.18973,3.0,0.0,0.0,0.0,0.0605153675307156,0.001
d73_1,0.37633571286,8.53296,73.0,0.0,0.0,0.0,0.7790754763789686,0.0713972602739726
d66_1,0.37589307772,8.53964,66.0,0.0,0.0,0.0,0.7671244484946885,0.0643104895104895
d24_4,0.37031222166,8.63656,24.0,0.0,0.0,0.0,0.60896524496119,0.022391304347826
d31_4,0.3717907367799999,8.5933,31.0,0.0,0.0,0.0,0.6504612934827744,0.0285354838709677
d60_7,0.3753349699600001,8.54295,60.0,0.0,0.0,0.0,0.7519603808364396,0.0584881355932203
d75_7,0.37661357131999995,8.52943,75.0,0.0,0.0,0.0,0.7812652265920865,0.0732108108108108
d37_2,0.37345721768,8.57669,37.0,0.0,0.0,0.0,0.6851472256012002,0.035045045045045
d22_2,0.36948913174000003,8.66288,22.0,0.0,0.0,0.0,0.5926370612056221,0.020051948051948
d24_3,0.36980035842000003,8.65159,24.0,0.0,0.0,0.0,0.6094253812952851,0.0220543478260869
d31_3,0.37278110488000005,8.59457,31.0,0.0,0.0,0.0,0.6543702905021875,0.0294838709677419
d73_6,0.3749470372,8.53943,73.0,0.0,0.0,0.0,0.7767604440358654,0.0712066210045662
d66_6,0.3767657911799999,8.52944,66.0,0.0,0.0,0.0,0.7671762949207639,0.0641258741258741
d28_8,0.37173521256,8.61694,28.0,0.0,0.0,0.0,0.6323486189962834,0.0264206349206349
d5_9,0.33117023852,9.37584,5.0,0.0,0.0,0.0,0.203235376541848,0.0033
d37_5,0.37386205468,8.5758,37.0,0.0,0.0,0.0,0.6848443704084192,0.0357117117117117
d22_5,0.36986335589999997,8.64801,22.0,0.0,0.0,0.0,0.5861920274714546,0.0205194805194805
d60_0,0.37588336712,8.54753,60.0,0.0,0.0,0.0,0.7532624760839538,0.0582271186440677
d75_0,0.37651748196,8.51952,75.0,0.0,0.0,0.0,0.7818718379425503,0.0729254054054054
d69_1,0.37638847281999993,8.53664,69.0,0.0,0.0,0.0,0.7701227856851535,0.0671278772378516
d38_2,0.37418803757999985,8.56798,38.0,0.0,0.0,0.0,0.6908214868053966,0.0359146514935988
d21_9,0.36921011851999996,8.6672,21.0,0.0,0.0,0.0,0.5838255926018414,0.0192142857142857
d34_9,0.3735521758599999,8.58298,34.0,0.0,0.0,0.0,0.671486754853056,0.0322085561497326
d6_5,0.33953164812000003,9.19542,6.0,0.0,0.0,0.0,0.2573344034699771,0.0042
d69_6,0.37621983317999996,8.53321,69.0,0.0,0.0,0.0,0.7723890983630213,0.067079283887468
d32_8,0.37239973898000006,8.5889,32.0,0.0,0.0,0.0,0.6557202638739579,0.0307076612903225
d27_8,0.37112964543999993,8.62143,27.0,0.0,0.0,0.0,0.6263048179987362,0.0261282051282051
d38_5,0.37391160716,8.56189,38.0,0.0,0.0,0.0,0.6904229626598773,0.036529160739687
d6_2,0.33994367780000007,9.17532,6.0,0.0,0.0,0.0,0.2582268420460286,0.004
d85_0,0.37674767714,8.51381,85.0,0.0,0.0,0.0,0.7949667340526041,0.0834092436974789
d90_0,0.3778010305200001,8.50331,90.0,0.0,0.0,0.0,0.8029394002614259,0.0882344569288389
d18_1,0.36655209186,8.70469,18.0,0.0,0.0,0.0,0.5466836051315784,0.0162549019607843
d96_6,0.37740430044,8.51285,96.0,0.0,0.0,0.0,0.8085202928514805,0.0942348684210526
d83_6,0.37756570032,8.5163,83.0,0.0,0.0,0.0,0.7925136260289626,0.0813579194828092
d49_2,0.37553746388,8.54485,49.0,0.0,0.0,0.0,0.7256056030898353,0.0475918367346938
d45_9,0.3746386313,8.56439,45.0,0.0,0.0,0.0,0.7131319407857155,0.0434636363636363
d50_9,0.37465262872,8.55066,50.0,0.0,0.0,0.0,0.727619081004357,0.0487077551020408
d85_7,0.3768476184,8.50866,85.0,0.0,0.0,0.0,0.7950770113011421,0.0834991596638655
d90_7,0.37775410964,8.49851,90.0,0.0,0.0,0.0,0.802245931017002,0.0878449438202247
d18_6,0.36717642852,8.70112,18.0,0.0,0.0,0.0,0.5494431134371526,0.016235294117647
d56_8,0.3753605247599999,8.53927,56.0,0.0,0.0,0.0,0.7439199022549356,0.0540974025974025
d43_8,0.37422028424000003,8.57962,43.0,0.0,0.0,0.0,0.7097116104084229,0.0411561461794019
d96_1,0.3768781217799999,8.52558,96.0,0.0,0.0,0.0,0.8108150017314231,0.0940842105263157
d83_1,0.37764774742,8.5111,83.0,0.0,0.0,0.0,0.7923004241292491,0.0812195121951219
d49_5,0.37546867616,8.57066,49.0,0.0,0.0,0.0,0.7262113539681262,0.0467066326530612
d16_0,0.36472316434,8.72837,16.0,0.0,0.0,0.0,0.5249058159704475,0.013525
d41_5,0.37468944340000004,8.5706,41.0,0.0,0.0,0.0,0.69886146221965,0.038440243902439
d54_5,0.3759606317999999,8.54831,54.0,0.0,0.0,0.0,0.7407639907310196,0.0514213836477987
d10_6,0.35672705907999996,8.89565,10.0,0.0,0.0,0.0,0.4046071748556441,0.0081333333333333
d52_3,0.37514797835999997,8.55018,52.0,0.0,0.0,0.0,0.7348370092679756,0.0501809954751131
d47_3,0.3748667862399999,8.55732,47.0,0.0,0.0,0.0,0.7206576078517866,0.0449972247918593
d41_2,0.37407586277999993,8.56835,41.0,0.0,0.0,0.0,0.6975614741726507,0.0394390243902439
d54_2,0.37556202824,8.54135,54.0,0.0,0.0,0.0,0.7399166649148711,0.0521299790356394
d16_7,0.36554305846,8.72396,16.0,0.0,0.0,0.0,0.5246762318415339,0.014375
d58_9,0.37622543718,8.53658,58.0,0.0,0.0,0.0,0.7499598593300492,0.0560181488203266
d98_0,0.37796901138,8.51606,98.0,0.0,0.0,0.0,0.81235603044721,0.0963395750052598
d52_4,0.37559360785999996,8.56277,52.0,0.0,0.0,0.0,0.7364212617458591,0.0504660633484162
d47_4,0.37495442492,8.54818,47.0,0.0,0.0,0.0,0.7192511298712886,0.0450027752081406
d10_1,0.35625756454,8.88206,10.0,0.0,0.0,0.0,0.4045575101733222,0.0072666666666666
d72_0,0.37722988716,8.52042,72.0,0.0,0.0,0.0,0.7760621411108838,0.0707582159624413
d67_0,0.3763830885999999,8.53553,67.0,0.0,0.0,0.0,0.7658143753129749,0.0648561736770692
d25_5,0.36958011096000004,8.64559,25.0,0.0,0.0,0.0,0.6130921117464032,0.0232
d30_5,0.37204519754,8.6131,30.0,0.0,0.0,0.0,0.6470140013407711,0.0283793103448275
d2_9,0.24163386397999997,11.74572,2.0,0.0,0.0,0.0,0.0,0.0
d61_6,0.37608069790000004,8.53769,61.0,0.0,0.0,0.0,0.7587251053266177,0.0592590163934426
d74_6,0.37677828196,8.51703,74.0,0.0,0.0,0.0,0.778665573276045,0.0722510181414291
d36_3,0.3742377835599999,8.58278,36.0,0.0,0.0,0.0,0.6782988792361074,0.0341428571428571
d23_3,0.3696604927199999,8.65575,23.0,0.0,0.0,0.0,0.5963057389890042,0.0210237154150197
d8_4,0.35086274749999996,9.0,8.0,0.0,0.0,0.0,0.3492791202240368,0.0058928571428571
d25_2,0.370678478,8.62935,25.0,0.0,0.0,0.0,0.6163637443824062,0.02274
d30_2,0.37303921098,8.60477,30.0,0.0,0.0,0.0,0.6510714445019913,0.0279931034482758
d72_7,0.37674099458,8.53084,72.0,0.0,0.0,0.0,0.7777248779199708,0.0702230046948356
d67_7,0.37642784358,8.52936,67.0,0.0,0.0,0.0,0.7690387831547317,0.0653161465400271
d29_9,0.37217293770000004,8.60803,29.0,0.0,0.0,0.0,0.645294615073494,0.026667487684729
d36_4,0.37292251146000005,8.59583,36.0,0.0,0.0,0.0,0.6809717348618534,0.0344714285714285
d23_4,0.36943518816000004,8.63998,23.0,0.0,0.0,0.0,0.6004865227986712,0.0211897233201581
d61_1,0.37606291652,8.54282,61.0,0.0,0.0,0.0,0.7588254245192798,0.0599704918032786
d74_1,0.37656808497999994,8.528,74.0,0.0,0.0,0.0,0.7779323301939908,0.0721310625694187
d4_8,0.31786042714,9.66688,4.0,0.0,0.0,0.0,0.1373050942199856,0.0015
d8_3,0.3507990485400001,8.99502,8.0,0.0,0.0,0.0,0.3493811391629833,0.006
